datetime,No. case,temp,humidity,precip,precipcover,windspeed,winddir,sealevelpressure,solarenergy
2014-01-05,436.0,26.9,85.7,2.9878,5.8340000000000005,19.66,88.78,1010.4200000000001,13.479999999999999
2014-01-12,479.0,26.785714285714285,85.8,7.105571428571429,5.954285714285715,19.37142857142857,68.12857142857142,1010.0571428571428,10.700000000000001
2014-01-19,401.0,26.52857142857143,76.85714285714286,0.0,0.0,26.37142857142857,27.814285714285713,1012.5857142857143,20.485714285714288
2014-01-26,336.0,25.928571428571427,74.7,0.0,0.0,25.728571428571428,27.900000000000002,1012.342857142857,19.642857142857142
2014-02-02,234.0,26.25714285714286,72.94285714285715,0.0,0.0,21.657142857142855,32.44285714285714,1011.4857142857143,23.585714285714285
2014-02-09,273.0,26.814285714285713,75.7,0.024857142857142855,0.5957142857142858,14.728571428571428,36.628571428571426,1007.4142857142857,22.47142857142857
2014-02-16,369.0,27.87142857142857,76.3,0.0,0.0,24.442857142857143,36.542857142857144,1009.5142857142857,19.5
2014-02-23,193.0,27.785714285714285,74.08571428571429,0.0,0.0,26.2,39.728571428571435,1012.0,21.400000000000002
2014-03-02,186.0,27.585714285714285,72.12857142857142,0.0,0.0,26.52857142857143,39.94285714285714,1011.5,23.3
2014-03-09,209.0,27.857142857142858,71.75714285714285,0.0,0.0,23.185714285714287,42.18571428571429,1011.3571428571429,24.842857142857145
2014-03-16,224.0,28.071428571428573,74.87142857142858,6.474142857142858,2.3814285714285717,22.785714285714285,41.41428571428571,1011.0428571428572,23.014285714285712
2014-03-23,210.0,27.542857142857144,81.07142857142857,1.5627142857142857,3.5714285714285716,18.485714285714288,31.157142857142855,1010.1714285714286,18.542857142857144
2014-03-30,225.0,28.771428571428572,76.87142857142858,0.05442857142857143,1.1914285714285715,19.5,52.371428571428574,1009.0428571428572,21.52857142857143
2014-04-06,240.0,28.728571428571428,78.17142857142858,2.8322857142857143,2.3814285714285717,15.742857142857144,104.64285714285714,1009.1857142857143,17.47142857142857
2014-04-13,244.0,28.24285714285714,78.31428571428572,3.4684285714285714,5.951428571428571,11.442857142857141,73.48571428571428,1010.2857142857143,15.028571428571428
2014-04-20,235.0,28.585714285714285,79.17142857142858,3.671285714285714,2.3814285714285717,14.757142857142856,99.8,1009.342857142857,15.214285714285714
2014-04-27,282.0,28.557142857142857,80.34285714285714,0.893,2.3814285714285717,15.942857142857141,98.82857142857142,1009.1428571428571,15.957142857142856
2014-05-04,251.0,29.25714285714286,77.98571428571428,2.422285714285714,4.762857142857143,14.557142857142859,175.25714285714284,1009.1428571428571,14.799999999999999
2014-05-11,261.0,29.214285714285715,78.91428571428571,3.8695714285714287,3.5728571428571425,15.271428571428572,116.77142857142857,1008.9571428571428,18.87142857142857
2014-05-18,291.0,28.842857142857145,78.42857142857143,6.995142857142857,4.168571428571428,17.84285714285714,231.95714285714286,1008.9571428571428,10.828571428571427
2014-05-25,427.0,28.271428571428572,81.60000000000001,1.8822857142857143,4.761428571428572,16.814285714285713,197.15714285714284,1009.3714285714286,13.714285714285714
2014-06-01,456.0,28.885714285714283,79.24285714285715,4.864428571428571,5.357142857142857,17.271428571428572,167.22857142857143,1008.5571428571428,16.442857142857143
2014-06-08,458.0,28.614285714285717,82.15714285714286,2.597857142857143,7.142857142857143,17.571428571428573,172.34285714285716,1006.6142857142858,14.200000000000001
2014-06-15,506.0,29.642857142857142,77.38571428571429,3.0901428571428573,4.167142857142857,18.74285714285714,184.9857142857143,1006.7428571428571,14.414285714285715
2014-06-22,550.0,30.400000000000002,72.38571428571429,0.7194285714285714,1.7857142857142858,17.257142857142856,195.87142857142857,1009.157142857143,13.12857142857143
2014-06-29,671.0,29.37142857142857,74.5,0.124,0.5957142857142858,17.62857142857143,211.22857142857143,1009.6285714285714,11.028571428571428
2014-07-06,888.0,28.52857142857143,79.95714285714287,3.0509999999999997,4.761428571428572,17.657142857142855,198.4857142857143,1009.1428571428571,10.857142857142858
2014-07-13,818.0,28.5,79.24285714285715,6.910285714285714,6.547142857142857,16.957142857142856,214.28571428571428,1008.657142857143,13.37142857142857
2014-07-20,744.0,29.52857142857143,76.14285714285714,1.0665714285714285,1.1914285714285715,17.2,176.15714285714284,1009.2714285714285,11.842857142857143
2014-07-27,633.0,29.785714285714285,73.65714285714286,3.472714285714286,0.5957142857142858,20.742857142857144,170.14285714285714,1009.8857142857142,12.585714285714285
2014-08-03,484.0,28.571428571428573,79.25714285714285,5.754714285714286,3.5714285714285716,21.442857142857143,187.6142857142857,1009.5428571428572,12.171428571428573
2014-08-10,545.0,28.2,77.72857142857143,2.529857142857143,4.762857142857143,20.24285714285714,198.91428571428574,1010.157142857143,12.814285714285715
2014-08-17,438.0,27.428571428571427,80.41428571428571,5.606,4.1657142857142855,16.742857142857144,210.08571428571426,1010.6428571428571,15.214285714285714
2014-08-24,418.0,28.32857142857143,78.65714285714286,3.1332857142857145,4.167142857142857,16.87142857142857,194.67142857142858,1010.0571428571428,15.328571428571427
2014-08-31,367.0,27.271428571428572,81.48571428571428,17.239714285714285,6.545714285714285,15.6,226.31428571428572,1009.6714285714286,15.071428571428571
2014-09-07,339.0,28.442857142857143,75.24285714285715,1.2155714285714285,1.7857142857142858,14.914285714285715,216.62857142857143,1010.0142857142857,14.314285714285715
2014-09-14,362.0,28.814285714285713,75.81428571428572,0.6201428571428572,1.7871428571428571,19.2,205.5142857142857,1010.4285714285714,14.585714285714285
2014-09-21,396.0,29.071428571428573,73.84285714285714,3.8957142857142855,1.19,19.3,194.57142857142858,1009.5285714285714,15.828571428571427
2014-09-28,344.0,28.885714285714283,73.67142857142858,4.030571428571428,2.9757142857142855,17.757142857142856,134.34285714285713,1010.7285714285715,18.32857142857143
2014-10-05,339.0,29.0,73.65714285714286,0.7441428571428571,1.19,14.857142857142858,153.8857142857143,1009.7571428571429,19.042857142857144
2014-10-12,278.0,29.314285714285713,71.9,0.02428571428571429,0.5957142857142858,16.057142857142857,139.2,1009.7142857142857,13.942857142857141
2014-10-19,297.0,28.47142857142857,78.52857142857144,4.638428571428571,3.5714285714285716,15.057142857142859,96.42857142857143,1009.6285714285714,16.185714285714287
2014-10-26,213.0,28.62857142857143,76.32857142857144,1.2401428571428572,3.5714285714285716,13.542857142857143,142.57142857142858,1010.7285714285715,17.12857142857143
2014-11-02,186.0,28.642857142857142,77.72857142857143,8.681714285714285,4.761428571428572,16.342857142857145,182.07142857142858,1009.1857142857143,19.52857142857143
2014-11-09,168.0,28.085714285714285,78.60000000000001,12.104857142857144,8.928571428571429,16.857142857142858,202.29999999999998,1010.6285714285714,14.728571428571428
2014-11-16,158.0,27.37142857142857,81.95714285714284,12.143285714285714,8.331428571428571,12.1,259.4714285714286,1009.6142857142858,12.799999999999999
2014-11-23,149.0,27.47142857142857,84.22857142857143,1.7247142857142859,5.358571428571429,11.557142857142859,65.78571428571429,1009.157142857143,13.414285714285715
2014-11-30,162.0,27.814285714285713,82.05714285714285,5.609000000000001,6.547142857142857,14.171428571428569,196.54285714285717,1008.4285714285714,13.342857142857143
2014-12-07,212.0,27.714285714285715,79.82857142857142,13.32042857142857,5.951428571428571,16.142857142857142,263.2714285714286,1009.6857142857143,11.071428571428571
2014-12-14,177.0,28.32857142857143,76.45714285714287,0.24442857142857144,1.1914285714285715,20.12857142857143,22.957142857142856,1010.3285714285714,12.299999999999999
2014-12-21,198.0,27.25714285714286,83.84285714285714,5.057571428571428,7.142857142857143,18.585714285714285,109.04285714285713,1009.5142857142857,8.6
2014-12-28,188.0,26.685714285714287,86.25714285714285,11.851142857142857,8.930000000000001,15.842857142857143,239.75714285714284,1008.4571428571428,9.271428571428572
2015-01-04,256.0,26.771428571428572,78.48571428571428,0.31828571428571434,2.3814285714285717,21.25714285714286,150.67142857142858,1010.4714285714286,11.814285714285715
2015-01-11,228.0,26.8,82.02857142857144,9.699,6.545714285714285,16.87142857142857,158.5,1010.157142857143,11.157142857142857
2015-01-18,237.0,27.571428571428573,73.5,0.0,0.0,26.557142857142857,20.514285714285712,1011.5428571428572,20.97142857142857
2015-01-25,259.0,26.97142857142857,75.02857142857144,0.0,0.0,26.12857142857143,33.871428571428574,1013.342857142857,18.17142857142857
2015-02-01,212.0,27.214285714285715,74.75714285714285,0.0,0.0,25.12857142857143,27.957142857142856,1011.5285714285714,17.87142857142857
2015-02-08,173.0,26.514285714285712,78.07142857142857,1.8158571428571426,4.762857142857143,28.385714285714283,24.142857142857142,1012.8142857142857,17.642857142857142
2015-02-15,99.0,26.87142857142857,72.47142857142856,0.0,0.0,25.985714285714288,32.371428571428574,1011.5,23.785714285714285
2015-02-22,172.0,27.557142857142857,75.31428571428572,0.521,1.19,23.042857142857144,36.17142857142857,1010.9285714285714,21.3
2015-03-01,189.0,28.0,75.01428571428572,0.0,0.0,23.714285714285715,40.24285714285714,1010.1285714285714,22.75714285714286
2015-03-08,110.0,28.314285714285713,73.88571428571429,1.7362857142857142,1.19,21.485714285714288,31.414285714285715,1010.7285714285715,18.67142857142857
2015-03-15,91.0,27.8,75.41428571428571,5.829285714285715,1.7857142857142858,23.8,27.357142857142858,1012.5142857142857,15.042857142857143
2015-03-22,129.0,28.414285714285715,77.42857142857143,0.7441428571428571,0.5957142857142858,18.185714285714287,57.542857142857144,1011.0285714285714,19.857142857142858
2015-03-29,90.0,28.62857142857143,75.98571428571428,1.1658571428571427,1.7857142857142858,23.47142857142857,42.042857142857144,1011.0,16.414285714285715
2015-04-05,107.0,28.157142857142855,81.44285714285715,5.482142857142857,4.761428571428572,15.971428571428572,116.74285714285713,1008.8285714285714,14.37142857142857
2015-04-12,137.0,29.114285714285717,76.3,0.2977142857142857,1.7857142857142858,19.457142857142856,40.114285714285714,1009.6428571428571,17.185714285714287
2015-04-19,113.0,29.52857142857143,72.35714285714286,0.124,1.1914285714285715,20.74285714285714,46.785714285714285,1010.1857142857143,17.957142857142856
2015-04-26,120.0,28.585714285714285,76.5,2.8774285714285717,2.9757142857142855,15.242857142857142,179.6,1009.7142857142857,11.428571428571429
2015-05-03,135.0,27.957142857142856,81.38571428571429,4.855857142857142,4.762857142857143,15.557142857142859,172.02857142857144,1010.0142857142857,13.385714285714286
2015-05-10,157.0,28.942857142857143,78.31428571428572,1.3892857142857142,2.382857142857143,17.014285714285712,150.15714285714284,1008.8142857142857,12.685714285714285
2015-05-17,109.0,29.099999999999998,78.34285714285714,3.572,2.3814285714285717,16.45714285714286,147.75714285714284,1009.8857142857142,16.357142857142858
2015-05-24,178.0,28.785714285714285,80.25714285714285,1.3464285714285715,3.5714285714285716,15.771428571428572,155.94285714285712,1010.4428571428572,12.157142857142857
2015-05-31,151.0,29.385714285714283,75.41428571428571,0.248,1.7857142857142858,17.62857142857143,147.17142857142858,1010.0428571428572,14.171428571428573
2015-06-07,192.0,29.24285714285714,75.85714285714286,7.2418571428571425,4.168571428571428,16.142857142857142,132.34285714285713,1008.6,14.685714285714285
2015-06-14,207.0,28.285714285714285,79.24285714285715,4.192142857142857,4.762857142857143,18.071428571428573,207.41428571428568,1009.0,11.12857142857143
2015-06-21,240.0,29.099999999999998,75.81428571428572,0.5457142857142857,1.1914285714285715,18.542857142857144,172.22857142857143,1008.657142857143,12.0
2015-06-28,242.0,30.17142857142857,71.0,1.6122857142857143,0.5957142857142858,19.8,164.02857142857144,1010.8285714285714,15.571428571428571
2015-07-05,272.0,29.285714285714285,73.54285714285713,3.5222857142857142,2.3814285714285717,19.88571428571429,174.15714285714284,1011.2142857142857,15.728571428571428
2015-07-12,263.0,29.457142857142856,74.82857142857142,4.167285714285715,2.382857142857143,18.985714285714288,181.6,1008.5142857142857,11.9
2015-07-19,293.0,29.485714285714288,76.24285714285715,6.002857142857143,2.3814285714285717,19.885714285714283,163.42857142857142,1008.2714285714285,10.114285714285714
2015-07-26,250.0,29.514285714285712,72.52857142857144,0.521,1.7857142857142858,18.557142857142857,137.95714285714286,1011.1428571428571,14.87142857142857
2015-08-02,226.0,28.7,73.55714285714285,0.4215714285714286,2.9757142857142855,22.357142857142858,153.15714285714284,1011.4285714285714,14.485714285714286
2015-08-09,221.0,27.599999999999998,80.95714285714287,12.055428571428573,7.1414285714285715,16.5,166.17142857142858,1009.342857142857,12.814285714285715
2015-08-16,250.0,28.75714285714286,78.28571428571429,7.2777142857142865,4.167142857142857,17.771428571428572,143.5285714285714,1010.0714285714286,16.02857142857143
2015-08-23,225.0,29.25714285714286,72.82857142857144,0.0,0.0,20.24285714285714,165.45714285714286,1010.4857142857143,20.657142857142855
2015-08-30,246.0,29.2,74.12857142857142,2.867142857142857,2.3814285714285717,19.099999999999998,140.94285714285715,1010.5285714285714,15.271428571428572
2015-09-06,217.0,29.5,71.87142857142858,0.05342857142857143,1.19,17.914285714285715,148.29999999999998,1011.4714285714286,17.642857142857142
2015-09-13,303.0,28.842857142857145,72.27142857142857,2.2324285714285717,1.19,18.457142857142856,164.4,1011.2142857142857,17.84285714285714
2015-09-20,214.0,28.771428571428572,77.17142857142858,4.465,2.38,16.87142857142857,125.11428571428571,1009.9571428571428,12.6
2015-09-27,257.0,29.157142857142855,73.64285714285714,0.6450000000000001,1.1914285714285715,16.657142857142855,176.91428571428574,1009.6428571428571,16.385714285714286
2015-10-04,235.0,28.585714285714285,77.98571428571428,3.6432857142857142,4.1657142857142855,15.757142857142856,159.55714285714288,1011.2857142857143,14.228571428571428
2015-10-11,235.0,28.900000000000002,75.77142857142857,2.455714285714286,2.3814285714285717,14.200000000000001,102.94285714285715,1011.6,17.32857142857143
2015-10-18,224.0,29.599999999999998,71.75714285714285,1.3501428571428573,1.7857142857142858,15.271428571428572,119.12857142857142,1011.1285714285714,19.714285714285715
2015-10-25,246.0,29.585714285714285,72.94285714285715,1.4867142857142857,1.7857142857142858,15.485714285714286,130.78571428571428,1009.8,18.842857142857145
2015-11-01,266.0,28.485714285714288,76.48571428571428,5.315428571428571,8.334285714285715,16.514285714285712,40.74285714285714,1010.5571428571429,15.5
2015-11-08,198.0,28.400000000000002,78.10000000000001,1.6625714285714286,5.357142857142857,13.714285714285714,278.74285714285713,1009.8857142857142,16.82857142857143
2015-11-15,254.0,28.314285714285713,79.54285714285713,1.562857142857143,3.5728571428571425,14.1,81.41428571428571,1009.5571428571428,16.8
2015-11-22,285.0,28.12857142857143,79.89999999999999,2.0374285714285714,5.952857142857143,16.02857142857143,193.62857142857143,1009.0857142857143,13.799999999999999
2015-11-29,259.0,28.142857142857142,80.05714285714285,5.149857142857143,10.118571428571428,16.014285714285712,207.62857142857143,1009.2571428571429,12.942857142857141
2015-12-06,356.0,28.014285714285712,83.18571428571428,8.273571428571428,5.951428571428571,18.75714285714286,62.51428571428571,1010.4,16.014285714285712
2015-12-13,333.0,27.87142857142857,83.95714285714287,16.46014285714286,11.904285714285715,16.514285714285712,67.78571428571429,1010.3285714285714,13.314285714285715
2015-12-20,372.0,28.214285714285715,76.07142857142857,1.3365714285714285,4.1657142857142855,20.985714285714288,157.35714285714286,1011.0,10.828571428571427
2015-12-27,458.0,28.47142857142857,77.82857142857142,9.089285714285714,4.167142857142857,19.414285714285715,112.5,1011.2857142857143,15.657142857142857
2016-01-03,549.0,27.228571428571428,84.81428571428572,18.99742857142857,19.047142857142855,23.714285714285715,26.271428571428572,1012.6857142857143,17.45714285714286
2016-01-10,628.0,28.914285714285715,77.72857142857143,0.4228571428571429,2.3814285714285717,22.142857142857142,41.699999999999996,1012.157142857143,20.32857142857143
2016-01-17,635.0,28.728571428571428,79.68571428571428,7.136,7.142857142857143,19.385714285714283,29.900000000000002,1009.9285714285714,16.157142857142855
2016-01-24,629.0,28.8,78.48571428571428,0.8257142857142857,5.357142857142857,21.75714285714286,29.400000000000002,1010.9142857142857,13.757142857142856
2016-01-31,528.0,28.8,77.67142857142858,1.124142857142857,5.3585714285714285,24.814285714285713,33.357142857142854,1010.9,16.3
2016-02-07,420.0,28.47142857142857,78.95714285714287,7.386714285714285,8.928571428571429,25.357142857142858,26.542857142857144,1009.5142857142857,17.342857142857145
2016-02-14,592.0,27.928571428571427,80.02857142857144,1.211857142857143,4.1657142857142855,20.771428571428572,31.47142857142857,1010.5428571428572,13.471428571428572
2016-02-21,508.0,27.771428571428572,79.47142857142856,10.114714285714285,11.308571428571428,25.557142857142853,77.8,1012.4428571428572,20.099999999999998
2016-02-28,412.0,28.2,76.35714285714286,9.046714285714286,2.3814285714285717,28.314285714285713,27.271428571428572,1012.8285714285714,20.62857142857143
2016-03-06,396.0,28.885714285714283,75.88571428571429,0.08628571428571429,3.5700000000000003,29.728571428571428,32.75714285714286,1011.8857142857142,19.82857142857143
2016-03-13,373.0,29.17142857142857,77.74285714285715,1.0225714285714285,3.5714285714285716,19.97142857142857,41.25714285714286,1010.5285714285714,17.757142857142856
2016-03-20,306.0,29.25714285714286,73.98571428571428,0.6734285714285715,1.7871428571428571,20.12857142857143,45.58571428571429,1010.3285714285714,22.17142857142857
2016-03-27,376.0,29.414285714285715,75.08571428571429,0.8168571428571428,4.762857142857143,20.928571428571427,83.35714285714286,1011.0571428571428,16.37142857142857
2016-04-03,290.0,29.62857142857143,71.81428571428572,0.9677142857142857,1.7857142857142858,24.62857142857143,41.34285714285714,1011.5285714285714,21.814285714285713
2016-04-10,225.0,29.642857142857142,75.44285714285715,1.7344285714285712,2.9757142857142855,17.985714285714288,50.81428571428571,1010.0142857142857,19.485714285714288
2016-04-17,231.0,30.071428571428573,75.38571428571429,3.371,4.762857142857143,15.814285714285715,176.28571428571428,1009.1714285714286,12.942857142857141
2016-04-24,244.0,30.214285714285715,74.24285714285715,2.1119999999999997,4.168571428571428,16.557142857142857,86.3,1009.1857142857143,15.671428571428573
2016-05-01,181.0,29.114285714285717,79.41428571428571,5.1654285714285715,7.738571428571428,14.9,157.41428571428574,1008.9285714285714,14.885714285714284
2016-05-08,217.0,30.2,75.07142857142857,0.7447142857142858,2.9785714285714286,15.37142857142857,97.84285714285714,1008.5714285714286,16.514285714285712
2016-05-15,212.0,29.357142857142858,79.64285714285714,3.543142857142857,6.548571428571429,15.571428571428571,207.68571428571428,1008.2428571428571,16.585714285714285
2016-05-22,198.0,29.099999999999998,80.94285714285715,16.799,7.738571428571428,13.842857142857143,239.34285714285716,1008.7714285714285,14.657142857142857
2016-05-29,219.0,29.842857142857145,75.89999999999999,4.238714285714286,2.9757142857142855,15.642857142857142,186.35714285714286,1009.4857142857143,10.428571428571429
2016-06-05,159.0,28.457142857142856,79.8,2.5267142857142857,8.332857142857144,12.957142857142857,162.84285714285716,1010.2714285714285,12.414285714285715
2016-06-12,192.0,28.97142857142857,78.97142857142856,3.1237142857142857,6.547142857142857,16.042857142857144,199.08571428571426,1010.9142857142857,11.714285714285714
2016-06-19,215.0,28.214285714285715,80.02857142857144,8.303714285714285,9.524285714285714,13.228571428571428,216.29999999999998,1009.2571428571429,10.114285714285714
2016-06-26,234.0,28.67142857142857,77.34285714285714,9.010571428571428,7.142857142857143,14.957142857142856,193.98571428571427,1009.2142857142857,12.4
2016-07-03,246.0,30.32857142857143,72.1,0.26357142857142857,0.5957142857142858,13.942857142857141,160.1142857142857,1009.5857142857143,16.657142857142855
2016-07-10,223.0,29.97142857142857,72.42857142857143,1.1735714285714285,2.9771428571428573,17.257142857142856,169.17142857142858,1008.9142857142858,15.914285714285713
2016-07-17,266.0,28.37142857142857,80.0,1.185142857142857,10.118571428571428,15.057142857142859,225.62857142857143,1009.1428571428571,11.285714285714286
2016-07-24,221.0,27.442857142857143,82.91428571428571,19.647714285714283,14.878571428571428,14.814285714285715,189.74285714285716,1009.2428571428571,11.214285714285714
2016-07-31,211.0,28.24285714285714,78.41428571428571,1.0031428571428571,7.142857142857143,15.285714285714286,175.14285714285714,1009.2714285714285,12.714285714285714
2016-08-07,197.0,28.985714285714288,74.60000000000001,4.562428571428572,3.5714285714285716,17.485714285714288,189.4857142857143,1008.9857142857143,13.028571428571428
2016-08-14,221.0,29.842857142857145,71.97142857142858,1.082,4.167142857142857,17.914285714285715,203.9,1009.6714285714286,14.085714285714285
2016-08-21,274.0,29.542857142857144,74.61428571428571,7.392571428571429,4.761428571428572,19.157142857142855,178.04285714285714,1008.0857142857143,10.057142857142859
2016-08-28,310.0,29.557142857142857,72.48571428571428,3.9098571428571427,4.168571428571428,17.342857142857145,209.24285714285716,1008.1285714285714,14.799999999999999
2016-09-04,242.0,28.785714285714285,76.67142857142858,4.707428571428571,7.142857142857143,17.014285714285716,174.62857142857143,1010.0714285714286,14.885714285714286
2016-09-11,174.0,28.67142857142857,76.60000000000001,5.170571428571429,7.142857142857143,20.400000000000002,202.9857142857143,1010.4714285714286,12.5
2016-09-18,173.0,28.457142857142856,77.21428571428571,7.6240000000000006,6.548571428571429,16.014285714285712,228.65714285714284,1009.3285714285713,12.071428571428571
2016-09-25,138.0,28.985714285714288,73.01428571428572,4.6044285714285715,3.5714285714285716,16.1,238.95714285714286,1008.4857142857143,13.72857142857143
2016-10-02,125.0,29.485714285714288,69.64285714285714,0.9794285714285714,2.3814285714285717,16.97142857142857,249.04285714285714,1008.6999999999999,14.428571428571429
2016-10-09,94.0,28.400000000000002,74.84285714285714,12.763142857142856,6.548571428571429,15.914285714285715,242.20000000000002,1009.4857142857143,13.028571428571427
2016-10-16,108.0,29.957142857142856,68.71428571428571,1.1721428571428572,4.761428571428572,18.214285714285715,271.68571428571425,1008.0,14.328571428571427
2016-10-23,84.0,29.2,73.45714285714287,3.7111428571428573,7.144285714285714,17.3,229.82857142857142,1008.1428571428571,13.014285714285714
2016-10-30,85.0,27.3,82.87142857142858,8.762285714285715,8.928571428571429,15.828571428571427,214.9857142857143,1009.4,13.385714285714286
2016-11-06,84.0,28.114285714285717,79.17142857142858,7.452857142857142,9.524285714285714,15.4,195.92857142857142,1009.5142857142857,13.228571428571428
2016-11-13,72.0,28.0,80.88571428571429,12.878285714285713,10.714285714285714,15.185714285714285,139.37142857142857,1010.5571428571428,14.0
2016-11-20,74.0,27.47142857142857,83.65714285714286,17.520857142857142,8.332857142857142,15.828571428571427,137.22857142857143,1008.3000000000001,12.671428571428573
2016-11-27,86.0,28.12857142857143,79.88571428571429,1.834,5.358571428571429,14.700000000000001,204.57142857142858,1007.9,12.485714285714286
2016-12-04,59.0,27.885714285714283,77.75714285714285,5.013142857142857,7.737142857142857,13.814285714285715,284.12857142857143,1009.5857142857143,12.257142857142856
2016-12-11,81.0,28.32857142857143,78.88571428571429,11.800142857142857,7.738571428571428,14.1,206.20000000000002,1008.1428571428571,11.571428571428571
2016-12-18,72.0,28.47142857142857,73.81428571428572,4.476,4.764285714285714,17.885714285714283,231.58571428571426,1009.4,12.928571428571429
2016-12-25,64.0,27.900000000000002,77.54285714285713,16.647000000000002,10.11857142857143,17.54285714285714,184.22857142857143,1008.6714285714286,10.1
2017-01-01,70.0,27.185714285714287,79.27142857142857,1.0641428571428573,7.142857142857143,21.0,162.6142857142857,1009.2285714285715,12.728571428571428
2017-01-08,90.0,28.400000000000002,78.55714285714285,1.936,4.762857142857143,14.957142857142857,144.64285714285714,1007.5142857142857,12.042857142857143
2017-01-15,74.0,28.342857142857145,79.52857142857144,5.125,4.167142857142857,13.799999999999999,157.42857142857142,1008.2428571428571,11.642857142857142
2017-01-22,66.0,27.285714285714285,81.68571428571428,8.92,8.927142857142856,12.514285714285714,106.94285714285715,1010.4285714285714,11.87142857142857
2017-01-29,62.0,26.400000000000002,84.39999999999999,11.843571428571428,11.904285714285715,19.02857142857143,107.77142857142859,1011.342857142857,9.385714285714286
2017-02-05,77.0,27.3,81.12857142857142,8.709285714285715,5.95,15.542857142857143,63.699999999999996,1010.1142857142858,15.242857142857144
2017-02-12,51.0,27.37142857142857,78.77142857142857,5.776000000000001,6.547142857142857,16.914285714285715,70.65714285714286,1010.3142857142857,18.085714285714285
2017-02-19,54.0,27.114285714285717,79.5,2.6804285714285716,7.740000000000001,21.485714285714288,28.585714285714285,1012.5428571428572,20.728571428571428
2017-02-26,41.0,27.414285714285715,82.04285714285713,5.967142857142858,3.5714285714285716,17.442857142857143,74.85714285714286,1010.2142857142857,17.514285714285712
2017-03-05,32.0,26.928571428571427,83.71428571428571,8.465285714285715,13.095714285714285,21.2,32.15714285714286,1009.0,14.457142857142856
2017-03-12,34.0,27.62857142857143,78.2,0.7095714285714286,3.5728571428571425,17.45714285714286,83.42857142857143,1009.3857142857142,20.400000000000002
2017-03-19,32.0,28.514285714285712,77.74285714285715,1.0575714285714286,3.5728571428571425,15.671428571428573,80.21428571428571,1010.0714285714286,17.442857142857143
2017-03-26,49.0,28.485714285714288,77.88571428571429,3.453,5.954285714285715,17.857142857142858,78.34285714285714,1009.9857142857143,14.5
2017-04-02,37.0,27.47142857142857,83.42857142857143,10.224,9.524285714285714,13.414285714285715,157.02857142857144,1011.1999999999999,13.114285714285714
2017-04-09,32.0,28.542857142857144,77.95714285714287,6.689571428571428,8.928571428571429,14.285714285714286,216.68571428571428,1009.157142857143,14.12857142857143
2017-04-16,51.0,28.3,80.82857142857142,5.147857142857143,8.334285714285715,14.771428571428572,111.24285714285715,1009.0571428571428,14.785714285714286
2017-04-23,37.0,28.542857142857144,79.89999999999999,6.082714285714286,5.357142857142857,14.742857142857144,188.71428571428572,1010.157142857143,13.614285714285714
2017-04-30,42.0,27.97142857142857,83.34285714285714,10.868714285714287,7.737142857142857,14.342857142857143,215.58571428571426,1010.1999999999999,13.257142857142856
2017-05-07,48.0,29.014285714285712,78.57142857142857,4.165142857142857,5.951428571428571,14.928571428571429,203.22857142857143,1010.5285714285714,12.328571428571427
2017-05-14,48.0,28.985714285714288,79.3,2.579857142857143,5.3585714285714285,13.985714285714286,175.25714285714284,1008.7714285714285,12.357142857142858
2017-05-21,50.0,29.428571428571427,79.15714285714286,6.055285714285715,8.334285714285715,17.2,172.65714285714284,1008.0142857142857,12.342857142857143
2017-05-28,66.0,28.52857142857143,83.72857142857143,6.045714285714285,7.738571428571428,14.885714285714286,154.6285714285714,1008.1142857142858,11.057142857142859
2017-06-04,62.0,29.3,77.04285714285713,8.453571428571427,4.761428571428572,15.042857142857143,189.67142857142858,1009.4571428571428,14.5
2017-06-11,79.0,29.900000000000002,75.81428571428572,0.33314285714285713,3.5714285714285716,15.728571428571428,156.2571428571429,1009.3142857142857,13.357142857142858
2017-06-18,73.0,29.042857142857144,76.47142857142856,4.985285714285714,8.928571428571429,15.142857142857142,164.37142857142857,1009.7714285714285,13.299999999999999
2017-06-25,75.0,28.428571428571427,78.48571428571428,9.553285714285716,6.547142857142857,15.099999999999998,190.70000000000002,1009.1,11.671428571428573
2017-07-02,63.0,28.25714285714286,79.67142857142858,0.8192857142857143,4.761428571428572,13.457142857142857,162.65714285714284,1009.5142857142857,13.642857142857142
2017-07-09,53.0,28.285714285714285,77.84285714285714,4.825857142857143,5.952857142857143,15.071428571428571,195.31428571428572,1010.3714285714286,12.700000000000001
2017-07-16,51.0,27.742857142857144,80.64285714285714,5.659285714285715,7.738571428571428,18.314285714285713,204.78571428571428,1010.2142857142857,13.471428571428572
2017-07-23,66.0,29.3,73.95714285714287,0.0,0.0,17.3,170.4,1009.842857142857,13.6
2017-07-30,60.0,29.614285714285717,73.85714285714286,0.5041428571428571,1.7857142857142858,19.97142857142857,169.57142857142858,1009.0142857142857,15.671428571428573
2017-08-06,56.0,29.642857142857142,72.7,0.9335714285714286,2.3814285714285717,21.428571428571427,169.35714285714286,1009.157142857143,18.014285714285712
2017-08-13,52.0,27.957142857142856,79.58571428571429,3.7968571428571427,8.927142857142858,16.285714285714285,185.35714285714286,1010.3857142857142,11.014285714285714
2017-08-20,51.0,28.185714285714287,78.98571428571428,6.486857142857143,7.142857142857143,15.842857142857143,162.87142857142857,1009.4428571428572,13.871428571428572
2017-08-27,33.0,28.842857142857145,75.85714285714286,1.9502857142857144,6.547142857142857,18.8,164.70000000000002,1008.1142857142858,14.799999999999999
2017-09-03,40.0,28.928571428571427,75.88571428571429,0.8372857142857143,4.762857142857143,16.62857142857143,146.35714285714286,1009.3285714285714,17.014285714285716
2017-09-10,53.0,28.657142857142855,78.3,5.912,10.715714285714286,18.885714285714283,167.14285714285714,1009.3000000000001,17.514285714285712
2017-09-17,58.0,28.957142857142856,76.97142857142856,5.692428571428572,6.547142857142857,14.214285714285714,190.28571428571428,1009.6,14.957142857142857
2017-09-24,39.0,28.214285714285715,78.07142857142857,5.832571428571428,11.308571428571428,16.585714285714285,190.52857142857144,1010.2142857142857,17.271428571428572
2017-10-01,51.0,28.400000000000002,78.55714285714285,1.939857142857143,9.522857142857143,16.885714285714286,199.65714285714284,1009.7571428571429,14.0
2017-10-08,55.0,27.914285714285715,81.35714285714286,5.6254285714285714,8.928571428571429,17.514285714285712,187.20000000000002,1008.7428571428571,17.1
2017-10-15,62.0,28.97142857142857,75.72857142857143,6.982571428571428,9.522857142857143,15.6,235.35714285714286,1007.4714285714286,13.357142857142858
2017-10-22,77.0,30.428571428571427,69.57142857142857,0.07442857142857141,1.1914285714285715,15.614285714285714,199.62857142857143,1009.6857142857143,13.485714285714286
2017-10-29,62.0,28.157142857142855,80.54285714285713,5.6971428571428575,7.1414285714285715,13.1,109.41428571428571,1010.3000000000001,12.542857142857143
2017-11-05,44.0,28.071428571428573,80.08571428571429,2.7911428571428574,8.332857142857142,11.685714285714285,231.47142857142856,1007.6428571428571,9.62857142857143
2017-11-12,50.0,27.2,85.05714285714285,17.469857142857144,11.311428571428573,13.757142857142856,174.4,1007.9,11.928571428571429
2017-11-19,24.0,28.04285714285714,81.31428571428572,12.063571428571427,8.334285714285715,13.414285714285715,243.82857142857142,1008.1,14.6
2017-11-26,37.0,27.585714285714285,82.77142857142857,4.472714285714285,10.120000000000001,14.185714285714285,206.17142857142858,1007.9285714285714,11.328571428571427
2017-12-03,33.0,28.414285714285715,77.75714285714285,3.0184285714285717,7.144285714285715,13.12857142857143,229.57142857142858,1006.7285714285715,11.614285714285714
2017-12-10,40.0,27.900000000000002,80.14285714285714,7.863571428571428,7.735714285714286,15.942857142857141,78.2,1009.1285714285714,10.142857142857142
2017-12-17,51.0,27.24285714285714,82.38571428571429,19.08985714285714,8.334285714285715,20.37142857142857,20.11428571428571,1011.0285714285714,10.542857142857143
2017-12-24,66.0,27.785714285714285,75.10000000000001,7.868571428571428,5.952857142857143,22.82857142857143,154.15714285714284,1009.5428571428572,16.785714285714285
2017-12-31,83.0,27.228571428571428,83.32857142857142,14.088,13.094285714285714,17.357142857142858,19.642857142857142,1008.5428571428572,13.442857142857141
2018-01-07,68.0,26.599999999999998,86.65714285714286,17.50042857142857,10.120000000000001,15.314285714285715,77.95714285714287,1008.0,9.62857142857143
2018-01-14,54.0,24.885714285714283,87.55714285714285,19.72585714285714,22.617142857142856,17.7,293.40000000000003,1010.9714285714286,6.728571428571428
2018-01-21,45.0,27.2,79.04285714285713,3.5438571428571426,5.355714285714286,20.985714285714288,112.60000000000001,1008.3285714285714,15.6
2018-01-28,48.0,27.542857142857144,80.41428571428571,4.407285714285714,6.547142857142857,17.557142857142857,58.74285714285714,1007.1,14.085714285714285
2018-02-04,50.0,27.642857142857142,78.55714285714285,7.353285714285714,6.548571428571429,27.314285714285717,70.91428571428571,1010.3285714285714,16.185714285714287
2018-02-11,28.0,26.87142857142857,71.35714285714286,0.0,0.0,29.714285714285715,28.842857142857145,1011.7857142857143,17.3
2018-02-18,38.0,27.74285714285714,74.7,0.25457142857142856,1.7871428571428571,25.457142857142856,34.91428571428571,1012.0285714285714,19.857142857142858
2018-02-25,51.0,27.87142857142857,76.52857142857144,0.2521428571428571,2.3814285714285717,26.17142857142857,33.357142857142854,1009.2571428571429,17.585714285714285
2018-03-04,37.0,28.214285714285715,77.31428571428572,0.5031428571428572,2.9771428571428573,21.614285714285717,37.214285714285715,1008.7142857142857,17.242857142857144
2018-03-11,37.0,28.142857142857142,77.88571428571429,3.0042857142857144,6.547142857142857,25.857142857142858,31.400000000000002,1009.0571428571428,16.057142857142857
2018-03-18,36.0,28.900000000000002,73.74285714285715,0.43685714285714283,1.1914285714285715,24.52857142857143,43.05714285714286,1009.9857142857143,16.900000000000002
2018-03-25,24.0,28.8,72.78571428571429,0.9321428571428572,2.3814285714285717,19.87142857142857,41.042857142857144,1009.3000000000001,17.2
2018-04-01,38.0,27.400000000000002,80.89999999999999,3.476428571428571,9.524285714285714,16.62857142857143,81.5,1009.9285714285714,14.214285714285714
2018-04-08,38.0,28.885714285714283,73.89999999999999,1.185142857142857,2.9771428571428573,20.142857142857142,51.31428571428571,1008.6857142857143,17.842857142857145
2018-04-15,56.0,29.228571428571428,75.71428571428571,2.946,2.9757142857142855,20.3,96.67142857142858,1008.4571428571428,16.114285714285714
2018-04-22,55.0,28.314285714285713,80.10000000000001,2.2698571428571426,7.144285714285715,18.67142857142857,38.87142857142857,1009.0428571428572,14.971428571428573
2018-04-29,74.0,28.7,78.45714285714287,4.650857142857142,4.167142857142857,15.885714285714286,133.94285714285715,1008.8714285714286,14.657142857142857
2018-05-06,62.0,28.914285714285715,78.61428571428571,3.9681428571428574,8.334285714285715,15.585714285714285,106.65714285714286,1010.4142857142857,14.057142857142855
2018-05-13,63.0,30.014285714285712,72.07142857142857,1.33,2.9757142857142855,17.442857142857143,128.3,1009.5285714285714,15.742857142857144
2018-05-20,64.0,28.428571428571427,80.12857142857142,1.7298571428571428,5.3585714285714285,15.942857142857141,127.67142857142858,1007.5,12.285714285714286
2018-05-27,52.0,28.571428571428573,78.71428571428571,7.461428571428572,8.334285714285715,15.471428571428572,166.0285714285714,1008.0285714285714,13.9
2018-06-03,75.0,28.24285714285714,79.68571428571428,15.23542857142857,8.928571428571429,14.885714285714286,188.97142857142856,1009.1857142857143,11.285714285714286
2018-06-10,55.0,30.142857142857142,71.98571428571428,0.6624285714285715,2.3814285714285717,18.057142857142857,176.0142857142857,1009.1285714285714,15.885714285714286
2018-06-17,59.0,29.271428571428572,76.5,1.8659999999999999,6.548571428571429,17.900000000000002,169.5,1009.6999999999999,10.042857142857143
2018-06-24,75.0,27.814285714285713,81.41428571428571,5.719285714285715,7.144285714285715,16.5,151.68571428571428,1009.8142857142857,10.200000000000001
2018-07-01,56.0,27.12857142857143,80.39999999999999,8.413714285714287,9.522857142857143,15.928571428571429,202.14285714285714,1009.7285714285715,9.485714285714286
2018-07-08,44.0,28.62857142857143,76.17142857142858,7.988285714285714,2.9757142857142855,18.142857142857142,171.32857142857142,1009.157142857143,14.971428571428572
2018-07-15,41.0,28.842857142857145,76.24285714285715,7.506714285714286,4.762857142857143,18.74285714285714,181.3857142857143,1008.6428571428571,13.714285714285714
2018-07-22,56.0,29.400000000000002,75.55714285714285,1.376,3.5714285714285716,18.057142857142857,173.20000000000002,1008.6714285714286,13.642857142857142
2018-07-29,50.0,29.400000000000002,73.22857142857143,1.489857142857143,3.5728571428571434,17.642857142857142,162.0,1009.2857142857143,13.9
2018-08-05,59.0,28.17142857142857,77.97142857142856,4.787428571428571,4.167142857142857,18.085714285714285,167.9,1010.3142857142857,11.728571428571428
2018-08-12,42.0,29.057142857142857,74.58571428571429,1.019,2.9771428571428578,20.37142857142857,181.79999999999998,1009.1714285714286,14.728571428571428
2018-08-19,66.0,29.74285714285714,71.62857142857142,0.47500000000000003,2.9771428571428573,20.814285714285713,165.28571428571428,1008.4428571428572,14.842857142857143
2018-08-26,75.0,28.67142857142857,75.15714285714286,8.836428571428572,4.762857142857143,17.785714285714285,168.84285714285716,1009.0142857142857,13.928571428571429
2018-09-02,75.0,28.514285714285712,75.61428571428571,2.3675714285714284,6.547142857142857,17.085714285714285,161.44285714285712,1010.2428571428571,11.614285714285714
2018-09-09,49.0,27.285714285714285,81.5,14.193714285714288,9.522857142857143,16.8,195.8857142857143,1010.1428571428571,9.685714285714285
2018-09-16,63.0,28.342857142857145,74.01428571428572,0.43457142857142855,2.3814285714285717,18.814285714285713,175.81428571428572,1010.0142857142857,13.457142857142857
2018-09-23,40.0,27.599999999999998,78.38571428571429,6.059714285714286,4.761428571428572,15.528571428571428,163.6142857142857,1010.1999999999999,14.414285714285715
2018-09-30,51.0,29.599999999999998,71.98571428571428,0.0037142857142857142,0.5957142857142858,16.085714285714285,132.14285714285714,1009.2714285714286,17.814285714285713
2018-10-07,51.0,29.62857142857143,72.2,3.202285714285714,4.167142857142857,17.914285714285715,118.94285714285715,1009.3285714285714,14.200000000000001
2018-10-14,60.0,26.900000000000002,85.54285714285713,23.019571428571428,14.879999999999999,14.87142857142857,195.7428571428571,1010.4571428571428,9.971428571428572
2018-10-21,78.0,28.457142857142856,77.3,5.024714285714286,5.357142857142857,15.37142857142857,214.79999999999998,1011.0142857142857,14.071428571428571
2018-10-28,75.0,28.214285714285715,79.88571428571429,1.9887142857142857,5.952857142857143,15.242857142857144,87.04285714285716,1011.0428571428572,12.514285714285714
2018-11-04,71.0,27.714285714285715,82.98571428571428,2.2115714285714287,8.334285714285715,15.828571428571427,119.67142857142858,1009.1,12.942857142857141
2018-11-11,78.0,27.814285714285713,82.72857142857143,5.2258571428571425,10.715714285714286,14.62857142857143,159.9,1008.6,12.328571428571427
2018-11-18,97.0,27.714285714285715,82.87142857142858,6.8665714285714285,10.714285714285714,16.071428571428573,204.4857142857143,1009.4,12.042857142857143
2018-11-25,109.0,27.957142857142856,81.58571428571429,6.564,8.334285714285715,14.5,211.32857142857145,1011.0,13.528571428571428
2018-12-02,114.0,27.942857142857143,83.3,6.480571428571428,12.5,18.82857142857143,92.61428571428571,1010.3714285714286,13.928571428571429
2018-12-09,107.0,28.042857142857144,83.57142857142857,2.0975714285714284,8.334285714285715,13.171428571428569,28.557142857142853,1008.4714285714286,12.885714285714286
2018-12-16,127.0,27.442857142857143,84.14285714285714,12.225571428571428,7.142857142857143,16.17142857142857,108.64285714285714,1010.1142857142858,12.614285714285714
2018-12-23,160.0,28.228571428571428,80.17142857142858,3.352857142857143,6.547142857142857,17.928571428571427,49.68571428571429,1010.7571428571429,13.971428571428572
2018-12-30,160.0,28.942857142857143,75.58571428571429,2.3841428571428573,2.9757142857142855,15.700000000000001,230.41428571428574,1009.4142857142857,14.714285714285714
2019-01-06,205.0,29.042857142857144,75.07142857142857,5.450857142857144,2.9757142857142855,20.414285714285715,187.31428571428572,1011.0,17.3
2019-01-13,245.0,28.7,76.24285714285715,0.7284285714285714,1.7857142857142858,23.24285714285714,38.57142857142857,1010.4857142857143,16.67142857142857
2019-01-20,207.0,28.042857142857144,77.74285714285715,7.632857142857143,5.357142857142857,21.62857142857143,16.257142857142856,1009.342857142857,14.857142857142858
2019-01-27,221.0,28.099999999999998,74.37142857142858,0.21714285714285714,1.7871428571428571,28.75714285714286,26.67142857142857,1011.6428571428571,16.614285714285714
2019-02-03,179.0,28.3,77.38571428571429,0.24828571428571428,4.761428571428572,25.62857142857143,36.2,1011.4142857142857,14.914285714285715
2019-02-10,135.0,28.814285714285713,74.65714285714286,0.05642857142857143,0.5957142857142858,22.685714285714287,38.68571428571429,1011.6857142857143,21.25714285714286
2019-02-17,232.0,28.614285714285717,72.54285714285714,1.2411428571428573,1.7857142857142858,24.47142857142857,37.74285714285714,1012.6714285714286,20.242857142857144
2019-02-24,181.0,28.428571428571427,75.72857142857143,2.9085714285714284,3.5714285714285716,21.52857142857143,45.785714285714285,1011.4,18.599999999999998
2019-03-03,156.0,28.7,73.72857142857143,0.10014285714285713,1.1914285714285715,26.599999999999998,42.785714285714285,1009.1285714285714,18.657142857142855
2019-03-10,133.0,29.385714285714283,72.32857142857142,0.6251428571428571,1.1914285714285715,19.071428571428573,57.628571428571426,1010.3000000000001,18.0
2019-03-17,109.0,29.12857142857143,71.97142857142858,3.8442857142857143,2.38,21.928571428571427,82.98571428571428,1011.6142857142858,20.67142857142857
2019-03-24,96.0,29.157142857142855,72.64285714285714,1.9975714285714286,1.7871428571428571,18.62857142857143,47.357142857142854,1009.8285714285714,20.17142857142857
2019-03-31,99.0,29.17142857142857,76.60000000000001,5.844714285714285,3.5714285714285716,16.357142857142858,93.89999999999999,1010.2714285714285,15.214285714285714
2019-04-07,108.0,28.728571428571428,75.54285714285713,7.456857142857143,5.952857142857143,17.97142857142857,79.31428571428572,1010.7428571428571,17.82857142857143
2019-04-14,125.0,29.157142857142855,77.55714285714285,6.072,4.762857142857143,15.028571428571428,89.71428571428571,1009.1857142857143,13.257142857142856
2019-04-21,134.0,30.071428571428573,75.27142857142857,4.2584285714285715,4.761428571428572,14.9,90.05714285714285,1008.4428571428572,17.17142857142857
2019-04-28,156.0,28.685714285714287,81.62857142857142,8.706142857142858,7.144285714285715,13.985714285714286,159.14285714285714,1007.9285714285714,10.885714285714286
2019-05-05,192.0,29.314285714285713,80.65714285714286,2.1774285714285715,4.762857142857143,14.3,133.27142857142857,1009.6428571428571,13.700000000000001
2019-05-12,287.0,29.914285714285715,76.75714285714285,4.414857142857143,5.951428571428571,14.485714285714286,213.67142857142858,1009.0571428571428,15.314285714285713
2019-05-19,307.0,29.285714285714285,79.41428571428571,3.082142857142857,4.762857142857143,16.82857142857143,194.04285714285714,1009.7142857142857,13.685714285714285
2019-05-26,376.0,29.642857142857142,76.14285714285714,3.1997142857142857,5.357142857142857,17.914285714285715,177.97142857142856,1009.6285714285714,13.214285714285714
2019-06-02,400.0,29.457142857142856,77.84285714285714,3.6604285714285716,6.548571428571429,16.571428571428573,159.3857142857143,1007.6857142857143,9.357142857142858
2019-06-09,396.0,27.985714285714288,84.54285714285713,7.252142857142857,8.335714285714285,12.957142857142857,159.70000000000002,1008.9857142857143,1.7285714285714284
2019-06-16,464.0,29.285714285714285,79.52857142857142,3.753571428571429,7.738571428571428,19.24285714285714,182.14285714285714,1009.4714285714286,2.042857142857143
2019-06-23,430.0,28.457142857142856,82.05714285714285,8.138428571428571,8.928571428571429,14.714285714285714,181.42857142857142,1008.7857142857143,1.9428571428571428
2019-06-30,492.0,29.428571428571427,77.39999999999999,3.7064285714285714,3.5714285714285716,17.099999999999998,170.1,1009.4,6.557142857142857
2019-07-07,591.0,29.685714285714287,75.81428571428572,1.462,3.5714285714285716,18.885714285714283,157.65714285714284,1009.3000000000001,15.028571428571428
2019-07-14,661.0,29.271428571428572,75.55714285714285,0.2962857142857143,3.5714285714285716,17.171428571428574,159.68571428571428,1010.6857142857143,15.342857142857143
2019-07-21,644.0,29.142857142857142,73.2,0.492,1.7857142857142858,18.242857142857144,174.0142857142857,1008.3000000000001,18.728571428571428
2019-07-28,601.0,29.071428571428573,74.7,1.968,5.357142857142857,17.985714285714288,167.82857142857142,1010.0142857142857,15.542857142857144
2019-08-04,597.0,29.75714285714286,69.45714285714286,0.0074285714285714285,1.19,21.542857142857144,170.1142857142857,1010.0571428571428,18.842857142857145
2019-08-11,521.0,29.542857142857144,72.64285714285714,0.44642857142857145,2.3814285714285717,21.17142857142857,168.81428571428572,1008.6,18.571428571428573
2019-08-18,522.0,29.87142857142857,71.54285714285714,0.15057142857142855,1.7857142857142858,20.771428571428572,161.68571428571428,1010.3142857142857,17.414285714285715
2019-08-25,474.0,29.771428571428572,70.38571428571429,0.8162857142857144,2.9771428571428573,19.414285714285715,159.34285714285716,1010.0285714285714,19.0
2019-09-01,412.0,28.599999999999998,75.35714285714286,1.0932857142857144,4.167142857142857,18.771428571428572,172.84285714285716,1009.3571428571429,17.657142857142855
2019-09-08,326.0,29.7,72.24285714285715,0.007571428571428571,0.5957142857142858,17.557142857142857,156.4857142857143,1009.8142857142857,16.314285714285713
2019-09-15,314.0,29.47142857142857,72.9,0.16942857142857143,0.5957142857142858,17.757142857142856,158.3857142857143,1011.0,16.414285714285715
2019-09-22,299.0,29.557142857142857,70.75714285714285,0.0,0.0,17.54285714285714,149.47142857142856,1010.0285714285714,18.928571428571427
2019-09-29,258.0,28.942857142857143,75.72857142857143,3.6844285714285716,6.548571428571429,17.12857142857143,84.55714285714285,1011.1428571428571,15.37142857142857
2019-10-06,243.0,27.985714285714288,77.52857142857144,3.9434285714285715,9.522857142857143,17.685714285714287,154.44285714285712,1010.7428571428571,17.4
2019-10-13,226.0,28.571428571428573,77.62857142857142,3.188285714285714,7.144285714285714,16.32857142857143,94.39999999999999,1009.6714285714286,21.814285714285713
2019-10-20,239.0,29.24285714285714,75.47142857142856,1.3032857142857142,6.548571428571429,16.585714285714285,106.54285714285713,1009.2571428571429,17.485714285714288
2019-10-27,241.0,28.085714285714285,80.51428571428572,17.63528571428571,9.521428571428572,16.142857142857142,160.9,1008.657142857143,14.242857142857144
2019-11-03,306.0,28.571428571428573,75.97142857142856,5.297857142857143,7.738571428571428,14.442857142857141,211.67142857142858,1008.9714285714286,14.657142857142857
2019-11-10,321.0,29.228571428571428,73.92857142857143,1.1774285714285713,2.9771428571428573,16.185714285714287,239.1142857142857,1009.8857142857142,14.814285714285715
2019-11-17,372.0,28.585714285714285,78.11428571428571,1.3030000000000002,4.762857142857143,13.242857142857144,112.57142857142857,1009.7142857142857,13.9
2019-11-24,329.0,27.342857142857145,83.28571428571429,3.7351428571428573,7.738571428571428,15.814285714285715,27.32857142857143,1009.9,13.142857142857142
2019-12-01,295.0,28.057142857142857,82.68571428571428,12.77057142857143,5.951428571428572,16.314285714285713,31.842857142857145,1008.5714285714286,13.971428571428572
2019-12-08,280.0,27.914285714285715,76.92857142857143,8.215142857142856,3.5714285714285716,25.542857142857144,30.52857142857143,1010.4,7.1571428571428575
2019-12-15,257.0,25.485714285714288,89.58571428571429,40.503571428571426,22.62,17.771428571428572,69.74285714285715,1010.5857142857143,3.1
2019-12-22,226.0,26.985714285714288,84.41428571428571,6.926,7.737142857142857,17.042857142857144,25.057142857142857,1009.8571428571429,1.942857142857143
2019-12-29,290.0,27.842857142857145,77.25714285714285,0.6357142857142856,1.1914285714285715,21.071428571428573,33.528571428571425,1010.4,5.014285714285714
2020-01-05,302.0,28.25714285714286,75.98571428571428,0.271,4.167142857142857,25.642857142857142,29.142857142857142,1011.6,2.3857142857142857
2020-01-12,342.0,27.75714285714286,78.88571428571429,2.641428571428571,5.954285714285715,22.857142857142858,18.842857142857145,1009.6714285714286,14.485714285714286
2020-01-19,402.0,28.271428571428572,76.02857142857144,0.0037142857142857142,0.5957142857142858,23.542857142857144,34.5,1010.1,16.785714285714285
2020-01-26,307.0,28.157142857142855,78.07142857142857,2.5972857142857144,4.762857142857143,23.17142857142857,39.028571428571425,1011.1428571428571,16.4
2020-02-02,370.0,28.085714285714285,79.05714285714285,8.71942857142857,5.355714285714286,22.057142857142857,40.800000000000004,1010.6,16.571428571428573
2020-02-09,400.0,28.042857142857144,73.54285714285713,1.6767142857142858,2.3814285714285717,22.571428571428573,80.75714285714285,1011.4,21.614285714285717
2020-02-16,378.0,28.142857142857142,80.54285714285713,4.547857142857143,3.5714285714285716,19.385714285714283,42.24285714285714,1011.1857142857143,15.242857142857144
2020-02-23,380.0,28.17142857142857,77.38571428571429,2.7515714285714283,8.334285714285715,29.614285714285717,35.57142857142857,1012.157142857143,17.67142857142857
2020-03-01,373.0,28.485714285714288,75.48571428571428,0.5714285714285714,1.7857142857142858,25.342857142857145,35.714285714285715,1009.9285714285714,20.02857142857143
2020-03-08,375.0,28.7,78.28571428571429,5.111571428571429,3.5700000000000003,19.014285714285712,41.9,1010.4285714285714,18.242857142857144
2020-03-15,389.0,29.442857142857143,76.57142857142857,0.0,0.0,19.042857142857144,57.142857142857146,1010.0,20.17142857142857
2020-03-22,367.0,28.885714285714283,75.25714285714285,6.686857142857143,5.357142857142857,20.74285714285714,49.628571428571426,1010.7571428571429,18.385714285714283
2020-03-29,377.0,29.014285714285712,77.34285714285714,3.401,2.9757142857142855,19.485714285714288,51.714285714285715,1008.9714285714286,18.7
2020-04-05,315.0,29.471428571428568,75.22857142857143,8.343142857142857,3.5700000000000003,17.5,52.48571428571428,1009.4142857142857,18.414285714285715
2020-04-12,341.0,28.985714285714288,77.60000000000001,3.8824285714285716,4.762857142857143,15.799999999999999,52.614285714285714,1010.4142857142857,16.357142857142858
2020-04-19,360.0,29.885714285714283,73.22857142857143,0.0,0.0,18.785714285714285,57.457142857142856,1009.9,19.671428571428574
2020-04-26,399.0,29.157142857142855,78.62857142857142,1.832,6.547142857142857,15.042857142857143,137.5,1009.0285714285714,15.442857142857141
2020-05-03,390.0,28.414285714285715,82.02857142857144,15.579714285714285,11.308571428571428,11.957142857142857,177.55714285714288,1009.1,12.77142857142857
2020-05-10,502.0,29.271428571428572,79.04285714285713,13.270428571428571,5.951428571428571,15.700000000000001,149.4,1008.2285714285715,13.985714285714286
2020-05-17,524.0,29.642857142857142,78.22857142857143,9.98,7.144285714285714,16.285714285714285,164.3857142857143,1007.4571428571428,13.614285714285716
2020-05-24,618.0,29.17142857142857,79.78571428571429,5.849285714285714,7.74,11.799999999999999,197.81428571428572,1008.2285714285715,13.799999999999999
2020-05-31,731.0,29.342857142857145,79.60000000000001,3.8775714285714287,7.738571428571428,14.771428571428572,107.97142857142856,1010.6142857142858,11.700000000000001
2020-06-07,868.0,28.5,80.02857142857144,15.011714285714286,11.308571428571428,16.514285714285712,177.21428571428572,1009.8714285714286,12.071428571428571
2020-06-14,1151.0,28.67142857142857,81.05714285714285,5.464857142857142,7.738571428571428,14.371428571428572,158.4857142857143,1008.1857142857143,11.114285714285714
2020-06-21,1369.0,27.814285714285713,84.42857142857143,7.122142857142857,13.69,16.3,197.81428571428572,1009.2714285714285,10.914285714285715
2020-06-28,1460.0,27.942857142857143,82.5,5.934714285714286,6.548571428571429,17.314285714285713,184.68571428571428,1008.7285714285714,11.728571428571428
2020-07-05,1444.0,29.17142857142857,76.44285714285715,2.940142857142857,2.9757142857142855,15.842857142857143,156.79999999999998,1008.5571428571428,13.742857142857144
2020-07-12,1665.0,27.814285714285713,80.5,5.397,9.522857142857143,13.857142857142858,187.47142857142856,1008.7714285714285,12.585714285714285
2020-07-19,1725.0,28.02857142857143,80.21428571428571,3.268,6.548571428571429,14.171428571428573,176.62857142857143,1008.0714285714286,13.028571428571427
2020-07-26,1791.0,28.271428571428572,79.10000000000001,7.607428571428572,10.120000000000001,16.82857142857143,157.71428571428572,1008.2857142857143,12.857142857142858
2020-08-02,1376.0,28.099999999999998,80.14285714285714,5.905428571428572,8.927142857142856,17.771428571428572,189.41428571428574,1008.5428571428572,11.87142857142857
2020-08-09,1667.0,29.614285714285717,75.51428571428572,0.6201428571428572,0.5957142857142858,15.62857142857143,176.04285714285714,1007.657142857143,17.657142857142855
2020-08-16,1336.0,28.571428571428573,78.48571428571428,6.662428571428571,6.55,16.52857142857143,194.47142857142856,1009.5142857142857,12.5
2020-08-23,1285.0,27.771428571428572,81.17142857142858,5.597428571428572,10.714285714285714,14.585714285714285,173.82857142857142,1009.1999999999999,12.2
2020-08-30,1153.0,28.185714285714287,77.65714285714286,3.1064285714285718,6.548571428571429,20.342857142857145,164.27142857142857,1008.6857142857143,15.12857142857143
2020-09-06,937.0,27.728571428571428,81.87142857142858,9.907571428571428,11.308571428571428,16.985714285714284,178.31428571428572,1008.5,12.6
2020-09-13,725.0,27.714285714285715,80.39999999999999,4.26,8.930000000000001,19.285714285714285,193.91428571428574,1009.2714285714285,13.814285714285715
2020-09-20,671.0,28.12857142857143,78.2,3.692285714285714,6.548571428571429,19.985714285714288,171.08571428571426,1009.0142857142856,16.657142857142855
2020-09-27,590.0,27.8,80.38571428571429,5.0161428571428575,8.928571428571429,15.0,180.21428571428572,1009.9857142857143,14.142857142857142
2020-10-04,605.0,28.157142857142855,79.17142857142858,1.7025714285714284,6.548571428571429,17.62857142857143,195.47142857142856,1008.8285714285714,14.057142857142855
2020-10-11,528.0,28.52857142857143,76.78571428571429,3.5348571428571427,5.952857142857143,17.728571428571428,222.1,1007.9,14.671428571428573
2020-10-18,591.0,29.228571428571428,74.37142857142858,1.1988571428571428,5.355714285714286,17.742857142857144,192.0142857142857,1007.6285714285714,15.814285714285715
2020-10-25,563.0,28.714285714285715,77.41428571428571,3.8850000000000002,5.952857142857143,13.4,223.37142857142857,1008.8571428571429,15.87142857142857
2020-11-01,440.0,28.557142857142857,79.12857142857142,2.4954285714285716,5.357142857142857,13.557142857142859,187.62857142857143,1009.4428571428572,14.242857142857144
2020-11-08,408.0,27.357142857142858,83.0,17.918714285714284,8.334285714285715,12.12857142857143,151.6857142857143,1010.4285714285714,11.385714285714286
2020-11-15,354.0,28.428571428571427,80.01428571428572,4.933142857142856,7.738571428571428,14.5,150.18571428571428,1008.9,15.62857142857143
2020-11-22,258.0,27.785714285714285,81.35714285714286,6.526571428571429,8.927142857142858,15.257142857142856,131.25714285714284,1008.3285714285714,14.385714285714286
2020-11-29,279.0,26.97142857142857,84.21428571428571,2.777,9.525714285714287,12.028571428571428,166.95714285714283,1009.2285714285715,11.157142857142857
2020-12-06,228.0,27.885714285714283,80.44285714285715,4.707714285714286,6.547142857142857,18.54285714285714,113.58571428571427,1008.8714285714286,14.957142857142856
2020-12-13,227.0,27.75714285714286,78.91428571428571,18.399,9.525714285714287,17.271428571428572,151.54285714285714,1009.0857142857143,16.614285714285717
2020-12-20,236.0,26.74285714285714,83.78571428571429,8.203857142857142,11.31,14.614285714285714,249.41428571428568,1009.1714285714286,11.471428571428572
2020-12-27,196.0,27.728571428571428,81.38571428571429,5.483,4.761428571428572,15.828571428571427,30.12857142857143,1008.3857142857142,14.785714285714286
2021-01-03,194.0,26.0,83.65714285714286,48.82614285714286,14.287142857142857,18.442857142857143,115.21428571428571,1009.0428571428572,10.1
2021-01-10,165.0,25.785714285714285,87.65714285714286,36.69285714285714,16.665714285714284,18.071428571428573,65.34285714285714,1008.4571428571428,9.299999999999999
2021-01-17,151.0,26.428571428571427,81.94285714285715,2.799857142857143,10.120000000000001,26.04285714285714,29.214285714285715,1009.657142857143,12.757142857142856
2021-01-24,135.0,26.5,77.35714285714286,3.981857142857143,2.9757142857142855,23.3,31.2,1010.3714285714286,15.042857142857143
2021-01-31,141.0,27.0,78.04285714285713,1.7068571428571429,4.761428571428572,22.514285714285712,28.7,1010.3142857142857,17.12857142857143
2021-02-07,142.0,27.485714285714288,74.10000000000001,0.011285714285714286,0.5957142857142858,27.0,33.24285714285714,1011.1428571428571,20.400000000000002
2021-02-14,148.0,27.557142857142857,76.34285714285714,0.5571428571428572,12.5,22.942857142857143,33.971428571428575,1010.1833333333334,20.585714285714285
2021-02-21,145.0,27.12857142857143,69.78571428571429,2.8428571428571425,20.83285714285714,27.314285714285713,33.15714285714286,1011.6285714285714,22.52857142857143
2021-02-28,139.0,27.7,71.78571428571429,0.8285714285714285,0.5957142857142858,19.014285714285712,51.857142857142854,1009.0142857142857,19.357142857142858
2021-03-07,145.0,28.5,73.34285714285714,4.7374285714285715,2.3814285714285717,22.957142857142856,40.81428571428571,1011.1142857142858,19.25714285714286
2021-03-14,129.0,27.82857142857143,74.55714285714285,2.210142857142857,4.167142857142857,22.400000000000002,31.3,1011.0428571428572,17.257142857142856
2021-03-21,120.0,27.914285714285715,78.77142857142857,2.7234285714285713,2.9785714285714286,16.585714285714285,45.371428571428574,1008.3142857142857,13.685714285714285
2021-03-28,113.0,27.67142857142857,79.84285714285714,7.828142857142857,8.928571428571429,21.3,47.628571428571426,1008.4571428571428,13.37142857142857
2021-04-04,102.0,28.228571428571428,78.88571428571429,14.926428571428572,9.522857142857143,16.37142857142857,194.92857142857142,1007.0857142857143,16.385714285714286
2021-04-11,112.0,28.47142857142857,77.18571428571428,8.461,4.761428571428572,17.342857142857145,36.9,1009.6999999999999,14.171428571428569
2021-04-18,128.0,27.599999999999998,81.39999999999999,18.530285714285718,8.334285714285715,15.0,117.2,1010.9571428571428,14.157142857142857
2021-04-25,84.0,28.185714285714287,77.62857142857142,5.886857142857143,5.3585714285714285,16.52857142857143,213.65714285714284,1010.0142857142857,16.8
2021-05-02,117.0,28.385714285714283,80.64285714285714,1.9162857142857141,4.167142857142857,14.171428571428569,94.44285714285715,1009.9142857142857,16.52857142857143
2021-05-09,92.0,28.37142857142857,80.18571428571428,3.912714285714286,5.952857142857143,15.242857142857144,40.728571428571435,1008.2142857142857,16.557142857142857
2021-05-16,116.0,28.74285714285714,80.97142857142856,13.371285714285715,8.334285714285715,14.857142857142858,142.2,1007.1,14.857142857142858
2021-05-23,130.0,28.114285714285717,82.2,10.798714285714286,7.737142857142857,14.0,194.65714285714284,1009.1142857142858,13.428571428571429
2021-05-30,118.0,29.24285714285714,77.08571428571429,5.0561428571428575,3.5728571428571425,15.471428571428573,131.24285714285716,1009.3571428571429,16.057142857142857
2021-06-06,137.0,29.285714285714285,78.48571428571428,0.5341428571428571,4.762857142857143,22.685714285714287,174.04285714285714,1008.7428571428571,13.314285714285715
2021-06-13,135.0,28.771428571428572,76.62857142857142,3.315714285714286,7.738571428571428,17.057142857142857,181.15714285714284,1009.3000000000001,12.642857142857142
2021-06-20,126.0,27.900000000000002,79.81428571428572,6.037428571428571,5.357142857142857,14.271428571428572,177.75714285714284,1010.4285714285714,13.928571428571429
2021-06-27,112.0,28.157142857142855,78.0,3.076,5.357142857142857,16.414285714285715,223.44285714285712,1010.1428571428571,12.257142857142856
2021-07-04,104.0,28.214285714285715,78.47142857142858,6.02642857142857,8.928571428571429,16.585714285714285,199.32857142857142,1009.5285714285714,11.985714285714286
2021-07-11,75.0,27.742857142857144,81.74285714285715,5.601285714285715,8.334285714285715,16.357142857142858,134.82857142857142,1008.1999999999999,11.685714285714285
2021-07-18,80.0,27.885714285714283,78.91428571428571,14.971857142857145,7.142857142857143,19.25714285714286,190.28571428571428,1009.157142857143,15.357142857142858
2021-07-25,82.0,29.514285714285712,73.51428571428572,0.38499999999999995,1.7857142857142858,19.442857142857143,186.1,1009.5285714285714,14.014285714285714
2021-08-01,70.0,29.442857142857143,71.61428571428571,4.154,2.38,19.74285714285714,194.35714285714286,1009.657142857143,12.271428571428572
2021-08-08,81.0,28.32857142857143,78.57142857142857,1.631142857142857,6.545714285714285,17.82857142857143,173.4,1010.6,10.657142857142857
2021-08-15,56.0,28.428571428571427,77.28571428571429,3.8352857142857144,7.1414285714285715,18.185714285714287,166.81428571428572,1009.7285714285715,16.485714285714288
2021-08-22,53.0,26.842857142857145,82.42857142857143,16.480857142857143,13.095714285714285,14.314285714285715,227.78571428571428,1010.5285714285714,12.299999999999999
2021-08-29,46.0,27.099999999999998,82.42857142857143,7.011857142857143,7.141428571428571,18.2,174.79999999999998,1008.9142857142858,13.842857142857143
2021-09-05,60.0,27.428571428571427,80.38571428571429,19.679857142857145,11.308571428571428,15.4,178.57142857142858,1009.6428571428571,14.657142857142857
2021-09-12,74.0,28.414285714285715,74.10000000000001,8.258571428571429,5.952857142857143,19.457142857142856,191.17142857142858,1009.6285714285714,16.442857142857143
2021-09-19,109.0,28.385714285714283,77.07142857142857,2.047285714285714,5.3585714285714285,16.67142857142857,162.05714285714288,1009.7714285714285,16.985714285714288
2021-09-26,105.0,28.728571428571428,75.08571428571429,3.4035714285714285,4.761428571428572,17.62857142857143,164.3857142857143,1008.842857142857,15.342857142857143
2021-10-03,104.0,27.085714285714285,83.51428571428572,17.286714285714286,8.928571428571429,18.17142857142857,220.77142857142857,1009.0428571428572,15.914285714285715
2021-10-10,85.0,29.3,73.15714285714286,4.513142857142857,4.167142857142857,17.442857142857143,218.95714285714286,1007.7285714285715,15.614285714285714
2021-10-17,76.0,29.542857142857144,73.78571428571429,2.531428571428571,4.168571428571428,18.914285714285715,168.84285714285713,1007.1857142857143,13.585714285714285
2021-10-24,75.0,27.428571428571427,81.97142857142856,7.353285714285714,8.334285714285715,17.571428571428573,171.29999999999998,1011.4857142857143,13.62857142857143
2021-10-31,59.0,28.357142857142858,77.84285714285714,5.134,8.930000000000001,16.285714285714285,192.95714285714283,1009.9714285714286,15.885714285714286
2021-11-07,42.0,26.857142857142858,86.37142857142858,15.417,13.095714285714285,14.142857142857142,168.72857142857143,1008.6714285714286,12.214285714285714
2021-11-14,56.0,27.385714285714283,82.61428571428571,6.122571428571428,11.907142857142858,14.614285714285714,204.52857142857144,1008.4428571428572,13.671428571428573
2021-11-21,63.0,27.74285714285714,81.51428571428572,9.621714285714287,8.928571428571429,15.328571428571427,173.6,1007.7428571428571,13.014285714285714
2021-11-28,48.0,27.52857142857143,80.02857142857144,12.110714285714286,7.738571428571428,14.328571428571427,187.17142857142858,1008.5571428571428,11.9
2021-12-05,64.0,28.414285714285715,72.32857142857144,1.9592857142857143,2.9771428571428573,20.271428571428572,108.72857142857143,1009.4714285714286,11.114285714285714
2021-12-12,61.0,27.685714285714287,77.01428571428572,2.0082857142857145,4.762857142857143,25.12857142857143,22.157142857142855,1010.6,13.885714285714286
2021-12-19,68.0,27.87142857142857,77.18571428571428,9.84442857142857,12.5,20.614285714285717,160.97142857142856,1008.6857142857143,13.585714285714287
2021-12-26,79.0,27.842857142857145,80.72857142857143,2.204857142857143,6.547142857142857,16.071428571428573,39.48571428571428,1010.6285714285714,12.842857142857143
2022-01-02,106.0,26.842857142857145,83.24285714285715,11.229571428571429,22.62,19.485714285714288,67.34285714285714,1010.7714285714285,14.771428571428572
2022-01-09,146.0,27.614285714285717,78.67142857142858,1.5544285714285713,10.120000000000001,21.442857142857143,114.64285714285714,1010.4571428571428,12.37142857142857
2022-01-16,178.0,28.0,70.64285714285714,0.0,0.0,26.271428571428572,30.957142857142856,1011.4571428571428,19.842857142857145
2022-01-23,169.0,27.771428571428572,73.48571428571428,0.8967142857142857,4.761428571428572,24.67142857142857,36.457142857142856,1009.8714285714286,18.099999999999998
2022-01-30,153.0,28.17142857142857,71.45714285714286,0.4961428571428571,0.5957142857142858,21.914285714285715,40.114285714285714,1009.6428571428571,23.37142857142857
2022-02-06,168.0,28.12857142857143,75.25714285714285,2.5384285714285713,9.524285714285714,23.728571428571428,89.97142857142856,1009.342857142857,17.571428571428573
2022-02-13,206.0,26.400000000000002,82.92857142857143,10.56557142857143,23.212857142857143,17.157142857142855,67.00000000000001,1008.7714285714285,13.242857142857142
2022-02-20,200.0,27.75714285714286,78.89999999999999,4.8395714285714275,10.118571428571428,17.014285714285712,64.9,1008.0571428571429,21.985714285714288
2022-02-27,263.0,27.2,79.02857142857144,5.980714285714286,8.332857142857142,19.714285714285715,125.05714285714286,1010.4285714285714,20.457142857142856
2022-03-06,369.0,27.599999999999998,79.98571428571428,3.4411428571428573,8.334285714285715,19.514285714285712,28.557142857142857,1009.6142857142858,16.985714285714288
2022-03-13,421.0,28.057142857142857,78.10000000000001,1.6742857142857144,5.952857142857143,19.957142857142856,44.042857142857144,1007.7857142857143,24.014285714285712
2022-03-20,441.0,28.24285714285714,77.81428571428572,7.183857142857143,8.334285714285715,14.914285714285715,130.78571428571428,1007.1714285714286,23.957142857142856
2022-03-27,510.0,28.37142857142857,78.07142857142857,8.027857142857142,8.927142857142858,17.728571428571428,82.74285714285715,1009.4571428571428,25.3
2022-04-03,642.0,28.02857142857143,79.74285714285715,6.932142857142857,8.334285714285715,16.02857142857143,84.88571428571429,1009.2428571428571,25.599999999999998
2022-04-10,733.0,27.3,81.01428571428572,2.5244285714285715,4.762857142857143,17.04285714285714,74.27142857142857,1010.2142857142857,18.67142857142857
2022-04-17,942.0,28.228571428571428,79.77142857142857,14.326857142857145,8.928571428571429,14.6,169.4,1007.9714285714286,24.0
2022-04-24,1002.0,27.97142857142857,81.17142857142858,6.423714285714285,10.120000000000001,16.514285714285712,83.05714285714285,1008.4571428571428,18.642857142857142
2022-05-01,845.0,28.3,82.4,6.0851428571428565,7.142857142857143,13.857142857142858,155.21428571428572,1007.1857142857143,22.7
2022-05-08,1311.0,28.642857142857142,78.15714285714286,1.3024285714285715,9.522857142857143,17.6,194.9857142857143,1007.1857142857143,16.37142857142857
2022-05-15,1273.0,29.47142857142857,76.47142857142856,4.457428571428571,6.547142857142857,17.857142857142858,141.42857142857142,1008.2857142857143,22.571428571428573
2022-05-22,1563.0,28.75714285714286,78.12857142857142,3.665142857142857,2.9757142857142855,17.285714285714285,168.65714285714284,1009.2428571428571,24.057142857142857
2022-05-29,1451.0,29.271428571428572,73.3,7.595714285714285,5.952857142857143,16.1,230.34285714285716,1008.4571428571428,22.428571428571427
2022-06-05,1459.0,28.814285714285713,77.22857142857143,8.62042857142857,8.334285714285715,14.485714285714284,174.77142857142857,1008.2857142857143,22.714285714285715
2022-06-12,1253.0,27.7,81.0,9.989714285714285,10.120000000000001,15.042857142857143,244.41428571428574,1008.7857142857143,18.414285714285715
2022-06-19,1171.0,27.642857142857142,80.34285714285714,1.7227142857142856,8.334285714285715,12.928571428571429,157.72857142857143,1009.4285714285714,20.185714285714287
2022-06-26,1186.0,27.37142857142857,80.91428571428571,5.630285714285714,9.522857142857143,17.95714285714286,208.5,1008.6,17.37142857142857
2022-07-03,1164.0,28.642857142857142,73.44285714285715,1.9419999999999997,4.762857142857143,18.285714285714285,193.4857142857143,1007.5,19.97142857142857
2022-07-10,918.0,28.514285714285712,75.97142857142856,3.3524285714285718,7.737142857142857,17.84285714285714,187.22857142857143,1008.2142857142857,21.74285714285714
2022-07-17,1035.0,29.057142857142857,74.88571428571429,3.737714285714286,2.9757142857142855,18.014285714285712,180.75714285714284,1008.1857142857143,20.785714285714285
2022-07-24,1092.0,28.3,78.89999999999999,3.1592857142857147,4.1657142857142855,16.47142857142857,118.75714285714287,1008.3714285714286,22.82857142857143
2022-07-31,894.0,28.099999999999998,78.68571428571428,6.059142857142858,11.904285714285715,18.8,200.74285714285716,1007.8857142857142,18.385714285714283
2022-08-07,879.0,27.67142857142857,78.44285714285715,2.707142857142857,8.334285714285715,16.2,198.65714285714284,1008.8714285714286,17.114285714285714
2022-08-14,679.0,29.228571428571428,72.9,4.411714285714285,4.762857142857143,19.214285714285715,158.57142857142858,1008.4,24.728571428571428
2022-08-21,661.0,28.3,76.89999999999999,3.529571428571429,6.547142857142857,17.785714285714285,184.87142857142857,1008.9857142857143,24.157142857142855
2022-08-28,577.0,27.114285714285717,82.15714285714286,8.229285714285714,19.047142857142855,17.271428571428572,212.81428571428572,1008.7285714285715,18.128571428571426
2022-09-04,569.0,27.67142857142857,79.61428571428571,1.3344285714285713,10.118571428571428,14.928571428571429,168.47142857142856,1008.9142857142857,22.400000000000002
2022-09-11,544.0,27.728571428571428,77.98571428571428,3.9794285714285715,8.334285714285715,13.700000000000001,132.81428571428572,1010.4,16.8
2022-09-18,472.0,27.771428571428572,76.39999999999999,1.6540000000000001,2.3814285714285717,16.9,179.3857142857143,1010.5714285714286,18.17142857142857
2022-09-25,426.0,27.714285714285715,77.04285714285713,3.0611428571428574,4.762857142857143,14.414285714285715,180.97142857142856,1009.7142857142857,17.87142857142857
2022-10-02,397.0,28.12857142857143,76.82857142857142,11.764142857142856,3.5728571428571425,14.557142857142859,167.21428571428572,1008.2142857142857,19.285714285714285
2022-10-09,376.0,26.74285714285714,83.74285714285715,3.067,10.118571428571428,12.171428571428573,123.22857142857141,1009.5857142857143,16.52857142857143
2022-10-16,373.0,27.82857142857143,75.77142857142857,4.385571428571429,10.715714285714286,12.671428571428573,225.47142857142856,1009.7571428571429,15.9
2022-10-23,313.0,27.87142857142857,78.28571428571429,4.728428571428572,10.118571428571428,11.985714285714286,201.0142857142857,1010.0571428571428,18.87142857142857
2022-10-30,317.0,27.75714285714286,76.82857142857142,5.755142857142857,6.548571428571429,12.228571428571428,251.32857142857142,1008.8285714285714,15.114285714285714
2022-11-06,294.0,27.32857142857143,80.31428571428572,11.609,9.524285714285714,12.457142857142857,145.6,1010.0857142857143,20.8
2022-11-13,312.0,26.542857142857144,85.54285714285713,16.024285714285714,13.097142857142858,12.885714285714286,198.84285714285716,1009.4285714285714,12.557142857142859
2022-11-20,265.0,27.685714285714287,78.01428571428572,5.565428571428572,10.118571428571428,11.214285714285714,228.79999999999998,1008.0285714285714,17.2
2022-11-27,242.0,28.185714285714287,75.68571428571428,3.002,6.549999999999999,11.642857142857142,240.12857142857143,1008.6999999999999,20.75714285714286
2022-12-04,326.0,26.957142857142856,83.10000000000001,5.068428571428571,11.308571428571428,12.885714285714286,188.6,1007.9571428571428,18.942857142857143
2022-12-11,289.0,26.657142857142855,84.17142857142858,8.858714285714285,8.930000000000001,12.414285714285715,238.18571428571428,1007.9285714285714,19.542857142857144
2022-12-18,270.0,26.428571428571427,85.65714285714286,8.573285714285714,14.881428571428572,14.057142857142859,19.685714285714283,1007.9714285714286,15.642857142857142
2022-12-25,285.0,26.728571428571428,80.3,1.3800000000000001,5.355714285714285,17.342857142857145,59.457142857142856,1008.4,15.428571428571429
2023-01-01,285.0,27.233333333333334,74.35000000000001,2.5130000000000003,5.555,18.033333333333335,123.8,1012.5833333333334,18.216666666666665
