Variable:,pr
,China,"Anhui Sheng","Beijing Shi","Chongqing Shi","Fujian Sheng","Gansu Sheng","Guangdong Sheng","Guangxi Zhuangzu Zizhiqu","Guizhou Sheng","Hainan Sheng","Hebei Sheng","Heilongjiang Sheng","Henan Sheng","Hubei Sheng","Hunan Sheng","Jiangsu Sheng","Jiangxi Sheng","Jilin Sheng","Liaoning Sheng","Nei Mongol Zizhiqu","Ningxia Huizu Zizhiqu","Qinghai Sheng","Shaanxi Sheng","Shandong Sheng","Shanghai Shi","Shanxi Sheng","Sichuan Sheng","Tianjin Shi","Xinjiang Uygur Zizhiqu","Xizang Zizhiqu","Yunnan Sheng","Zhejiang Sheng"
1901,558.46,1185.82,523.99,1001.31,1446.35,303.71,1572.71,1324.42,1085.27,1719.72,533.44,444.25,807.31,1117.89,1334.77,898.76,1681.54,499.67,650.11,294.74,308.70,304.55,671.22,524.37,934.72,564.11,817.99,565.94,112.24,282.55,1060.68,1387.45
1902,543.43,1018.34,248.66,923.08,1382.64,303.61,1745.30,1291.05,1086.63,1697.49,352.12,515.65,666.77,732.77,1224.64,938.69,1415.70,570.47,674.74,295.83,308.70,304.55,658.05,624.03,999.97,543.76,804.69,288.74,121.98,288.07,1079.93,1309.85
1903,616.17,1336.33,384.53,1462.06,2086.53,304.48,2006.35,1366.26,1321.73,1632.19,446.73,470.21,807.06,1185.69,1414.17,1114.56,1814.24,556.02,710.72,294.89,308.70,304.55,681.65,732.50,1210.40,547.83,1001.55,459.14,119.48,281.01,1139.98,1679.75
1904,587.36,1059.42,534.16,1142.53,1478.47,303.77,1710.52,1602.90,1165.52,1971.25,557.20,588.20,770.47,1146.67,1425.56,861.64,1561.59,641.19,698.48,286.19,308.70,304.55,684.88,676.84,1005.15,565.17,845.82,611.74,110.76,280.34,1163.77,1343.65
1905,607.05,1412.16,450.96,1280.85,1878.35,303.95,1640.56,1477.50,1197.65,2075.37,492.59,518.91,796.25,1292.76,1462.34,1153.27,1907.27,602.10,642.09,287.43,308.70,304.55,696.05,621.14,1389.94,558.91,888.25,502.26,112.37,280.66,1134.34,1685.28
1906,592.81,1400.89,510.44,1221.35,1931.23,304.02,1834.88,1422.40,1136.19,1646.40,532.99,502.66,811.96,1192.41,1439.65,1283.65,1721.61,526.49,554.47,301.73,308.70,304.55,684.90,636.68,1450.67,572.32,870.39,549.19,114.36,281.04,885.66,1848.24
1907,612.01,1359.39,425.26,1307.60,1683.43,307.27,1904.77,1458.74,1224.08,1656.31,480.39,557.88,819.88,1255.96,1454.62,1114.34,1808.71,560.96,651.44,288.89,308.70,304.72,693.98,628.29,1309.79,552.52,964.77,508.08,121.25,280.16,1144.68,1695.85
1908,605.32,1284.10,556.06,1191.71,1647.20,300.20,1751.35,1537.80,1164.88,1908.79,564.02,515.00,848.62,1448.27,1524.50,946.57,1903.38,566.28,647.36,302.99,308.70,304.38,696.86,603.73,1098.47,574.27,789.31,594.10,120.35,282.31,1130.14,1650.35
1909,607.61,1369.03,438.21,1413.21,1612.45,305.85,1679.11,1458.69,1288.35,1624.84,485.96,456.24,859.58,1355.24,1422.51,1083.27,1780.09,578.04,714.57,284.94,308.70,304.67,695.49,659.51,1272.07,553.91,965.75,505.61,106.49,284.17,1217.11,1696.96
1910,588.98,1437.90,489.52,1126.97,1241.26,304.36,1288.75,1286.76,1127.03,1624.26,512.00,572.71,815.03,1320.41,1456.39,1151.01,1732.17,646.18,592.17,303.41,308.70,304.58,694.94,712.01,1239.96,560.25,837.94,550.64,111.49,289.11,1219.90,1655.10
1911,660.38,1540.47,629.31,1234.24,1802.96,304.47,1715.75,1582.82,1266.58,1531.75,648.57,560.35,817.58,1381.73,1785.53,1336.50,2025.11,742.52,972.81,314.46,308.70,304.58,686.85,900.99,1422.57,580.21,893.47,716.77,108.54,291.09,1377.61,1962.92
1912,589.88,1213.25,600.73,1118.09,1815.72,303.72,1700.16,1510.94,1133.33,1593.17,591.14,489.90,795.79,1255.96,1541.64,1041.46,1747.22,582.20,639.65,277.44,308.70,304.55,684.07,637.53,1232.71,571.35,823.46,646.00,102.42,286.31,1047.12,1734.03
1913,574.75,924.05,393.29,1185.10,1523.84,303.99,1881.19,1732.49,1232.46,1795.74,436.39,450.31,691.21,1003.22,1399.08,710.79,1620.17,538.14,440.56,266.43,308.70,304.55,673.09,560.99,1013.54,554.91,894.85,426.43,112.62,292.58,1208.56,1429.08
1914,606.94,1174.81,494.02,1039.63,1925.09,303.68,1963.91,1616.72,1132.01,1615.11,527.40,525.48,733.73,1103.52,1580.07,1026.52,1808.19,678.81,835.14,293.02,308.70,304.55,676.37,787.81,1173.65,531.09,814.31,590.31,107.50,284.22,1116.65,1700.66
1915,639.73,1490.67,518.51,1459.08,1680.56,304.41,1665.83,1536.24,1270.37,1776.19,547.64,680.11,835.82,1373.02,1468.63,1267.14,1735.17,753.49,763.42,322.37,308.70,304.55,705.99,663.86,1519.81,552.25,980.81,585.89,106.29,297.24,1202.93,1851.86
1916,580.00,1358.69,432.36,1563.18,1356.29,304.31,1501.68,1242.52,1240.80,1569.60,453.38,478.74,848.16,1338.91,1376.34,1206.38,1642.09,539.03,599.10,274.56,308.69,304.55,674.77,655.34,1259.29,435.57,982.02,482.40,99.35,282.87,1114.62,1517.90
1917,586.87,935.53,631.22,1332.93,1717.38,304.20,1686.00,1483.13,1273.13,1572.43,643.10,547.55,674.81,1084.94,1376.03,885.86,1554.48,578.45,646.66,293.34,308.71,304.55,718.89,627.09,1127.27,699.41,920.41,702.11,98.49,289.98,1082.30,1602.27
1918,635.31,1098.03,445.27,1252.60,1939.73,303.87,2145.61,1893.94,1394.85,1739.50,490.61,517.66,754.00,1327.92,1625.29,800.47,1882.42,669.29,774.10,282.60,308.70,304.55,675.74,567.25,1019.69,466.52,905.29,514.93,99.57,283.19,1446.52,1566.08
1919,575.11,1038.47,445.22,1255.28,1842.01,303.87,1839.99,1392.18,1167.75,1633.58,453.82,464.06,646.91,1285.02,1469.16,887.45,1783.04,512.80,550.08,267.12,308.70,304.55,691.29,399.13,1286.48,500.03,865.06,478.98,109.30,283.16,1094.88,1650.92
1920,608.08,1091.33,240.64,1274.41,1928.03,304.00,2125.90,1899.80,1434.30,1737.50,317.05,495.01,604.44,1110.98,1757.78,893.52,1858.74,485.81,575.23,270.93,308.69,304.55,652.69,481.93,1142.89,383.66,919.43,313.44,117.63,274.53,1171.67,1664.28
1921,593.39,1332.22,378.22,1453.23,1564.47,302.72,1678.24,1581.98,1307.62,1452.94,436.76,412.92,798.35,1189.07,1253.89,1160.58,1500.88,552.54,665.85,261.42,308.38,304.55,640.85,710.99,1235.67,396.52,976.85,467.65,122.09,292.03,1314.33,1563.29
1922,582.46,865.91,545.92,1281.09,1918.86,297.67,1808.71,1624.55,1307.68,1867.63,523.71,513.30,483.03,879.60,1207.30,864.94,1496.21,662.41,784.31,310.18,304.27,304.55,589.03,574.47,1084.54,444.85,924.53,579.30,100.70,283.88,1245.12,1560.29
1923,585.08,1113.29,458.67,1065.61,1386.17,304.59,1799.44,1906.25,1273.13,1940.06,487.36,527.30,670.34,1052.37,1360.53,949.90,1499.48,708.86,931.47,278.49,310.70,304.55,646.33,621.44,1046.99,439.01,827.81,545.45,105.94,284.60,1102.91,1410.43
1924,587.56,1015.66,583.33,1158.98,2030.49,295.36,1839.13,1524.66,1206.96,1763.55,553.31,434.48,695.03,1107.18,1380.00,791.73,1745.02,472.97,599.57,289.55,306.83,304.26,611.63,605.35,1019.69,433.61,859.79,652.50,106.40,291.74,1305.07,1689.60
1925,565.81,873.17,623.56,1207.32,1506.78,320.39,1624.19,1412.95,1187.63,1487.39,603.48,450.45,678.94,943.79,1268.57,856.08,1421.29,566.48,608.61,268.52,331.31,304.48,781.03,642.76,1045.09,554.10,908.16,695.07,98.76,287.47,1290.37,1426.12
1926,603.65,1081.06,387.31,1174.72,1499.05,308.13,1986.49,1915.99,1353.06,2233.07,431.04,486.50,761.17,1059.98,1484.00,1030.63,1564.26,575.78,655.19,258.50,317.34,304.43,694.54,779.41,1233.55,461.30,881.40,474.34,115.27,281.92,1246.56,1614.82
1927,583.32,967.51,372.69,1247.86,1702.03,309.27,2087.54,1607.00,1198.27,1707.36,405.05,532.02,708.88,1070.92,1331.00,853.30,1527.90,673.53,633.43,260.07,314.62,304.47,729.86,468.19,1100.16,459.99,852.11,430.38,115.45,290.91,1217.72,1443.78
1928,572.33,906.50,504.78,1171.22,1743.82,298.58,1601.73,1316.66,1159.69,1806.65,534.58,635.39,664.54,873.99,1075.65,813.30,1352.61,702.29,680.40,289.54,308.70,304.25,656.33,630.58,1054.39,531.68,885.22,603.24,128.49,288.16,1261.27,1540.79
1929,567.04,875.15,536.02,1249.17,1393.36,299.80,1478.27,1410.96,1285.75,1141.63,529.28,595.21,676.38,1249.97,1401.98,675.58,1403.26,635.97,732.40,331.05,308.67,304.39,626.30,505.81,857.64,351.05,812.00,646.04,109.84,282.86,1213.52,1286.87
1930,585.18,1226.65,449.91,1071.66,1581.34,298.44,1747.80,1545.21,1195.79,1629.19,494.13,555.23,667.77,1166.37,1451.49,1069.93,1698.48,643.89,689.18,274.46,308.69,304.29,655.21,619.93,1254.92,461.11,766.55,537.74,122.65,285.93,1131.14,1617.49
1931,620.44,1438.64,456.10,1214.94,2011.38,299.52,1915.11,1444.51,1232.00,1424.21,483.09,585.04,891.09,1393.57,1631.89,1261.47,1865.55,670.43,672.67,296.64,306.88,304.43,677.83,698.96,1386.47,495.30,854.68,536.09,110.58,286.69,1013.39,1856.33
1932,595.89,877.60,415.33,1278.78,1744.41,274.77,1804.56,1510.92,1365.88,1155.06,470.90,659.41,603.29,1016.79,1396.97,736.26,1546.22,684.48,674.61,318.72,292.28,305.27,534.44,529.32,1089.63,608.52,971.45,460.93,107.28,286.64,1244.95,1769.47
1933,576.07,1120.46,502.28,1235.58,1442.84,283.62,1390.49,1350.91,1263.75,1368.28,533.80,491.88,726.96,1270.78,1446.05,919.80,1567.32,612.47,724.45,308.38,311.65,297.76,670.11,607.51,1262.99,627.26,837.24,525.61,102.94,284.32,1122.02,1781.18
1934,607.09,1000.11,581.74,1286.57,1561.15,330.88,1751.73,1612.09,1358.33,1553.01,595.87,593.45,734.98,1141.90,1355.37,900.77,1427.15,697.93,751.45,346.16,335.69,316.29,659.15,774.36,960.07,578.49,905.78,631.55,122.00,283.50,1155.42,1383.81
1935,595.78,965.78,319.23,1188.40,1870.01,264.80,1962.78,1803.67,1301.69,1402.62,376.43,549.94,746.52,1158.43,1858.02,792.49,1893.21,648.94,624.65,255.70,306.72,283.96,718.07,577.80,1019.18,495.90,842.25,373.89,108.52,275.26,1003.71,1626.90
1936,551.12,947.25,324.46,968.73,1651.22,286.18,1655.85,1541.02,1016.88,1093.99,353.12,614.81,447.71,965.86,1474.81,800.60,1740.99,703.21,747.27,274.95,270.80,297.03,543.01,505.22,958.11,344.66,823.41,372.73,110.14,300.68,932.45,1461.05
1937,629.26,1288.40,568.31,1325.65,2007.34,322.38,1768.77,1474.96,1066.30,1473.52,636.00,549.30,929.00,1523.74,1691.29,1021.71,1949.47,612.64,792.37,302.76,337.62,304.19,793.17,792.20,1241.82,682.18,926.91,688.94,116.01,268.05,945.50,1892.72
1938,607.12,1254.39,594.95,1292.25,1669.81,298.25,1496.74,1292.42,1103.37,1616.21,616.10,618.85,956.60,1347.59,1269.17,1000.15,1608.42,671.00,848.47,324.97,301.05,293.34,787.93,683.63,1006.08,566.83,937.22,668.79,111.30,303.79,1205.67,1357.35
1939,574.41,1208.39,516.43,943.26,1740.29,253.42,1722.34,1458.19,1096.68,1553.58,536.72,528.80,859.51,1232.67,1346.92,969.85,1711.11,659.46,763.66,313.82,248.33,294.55,554.41,549.83,1081.99,577.26,739.15,531.16,101.51,275.67,1078.31,1517.23
1940,575.34,1115.09,400.64,1104.07,1763.27,309.77,1982.30,1544.68,1101.62,1666.12,435.36,561.13,673.14,962.08,1334.86,879.61,1603.79,588.13,658.17,288.34,347.30,279.69,724.35,562.36,944.54,578.74,820.37,445.49,113.18,279.86,1087.26,1424.77
1941,592.15,1155.13,363.92,1189.77,1951.47,230.14,2189.33,1725.66,1184.33,1386.65,374.34,550.99,626.15,1027.83,1484.80,1008.65,1784.53,630.72,633.11,293.77,210.02,270.38,453.68,466.32,1364.89,338.01,870.24,385.93,118.41,262.08,1253.27,1815.47
1942,574.95,1130.54,450.05,948.55,1667.55,287.85,1820.70,1594.07,1092.51,1526.68,494.26,540.22,646.58,1047.60,1410.31,856.87,1784.87,593.39,734.76,292.65,276.99,303.88,530.37,515.38,1056.75,607.39,742.04,480.12,138.04,270.93,1088.90,1531.46
1943,571.17,1154.26,383.05,1130.99,1494.33,330.97,1704.93,1440.21,1134.88,1558.42,432.77,583.71,856.96,1274.55,1473.74,941.40,1514.89,602.80,604.59,296.09,352.08,318.33,693.90,564.92,1122.10,506.60,753.97,434.37,95.36,281.75,1006.96,1467.98
1944,590.37,957.91,451.48,1198.19,1781.46,321.87,1945.32,1649.87,1335.96,1586.17,481.98,460.21,651.14,1116.26,1602.19,824.32,1815.55,506.59,606.47,276.60,332.72,319.46,659.09,546.59,991.09,612.91,882.71,511.74,89.35,259.38,1216.54,1570.91
1945,572.81,1083.80,438.80,1007.22,1682.45,275.91,1732.47,1462.95,970.10,1661.19,485.56,522.21,652.32,989.60,1242.39,1073.43,1541.10,609.15,710.90,303.79,331.72,270.32,639.66,652.69,1405.55,552.53,894.90,508.56,97.63,297.24,1186.35,1716.71
1946,610.94,1316.58,512.10,1145.54,1624.04,303.90,1742.80,1651.56,1247.24,1643.42,536.40,641.04,843.19,1222.37,1421.98,1085.14,1761.44,625.66,679.01,286.39,287.25,297.50,684.33,675.85,1347.35,529.76,867.78,584.63,122.84,274.09,1121.17,1873.55
1947,614.68,990.73,512.89,1222.00,1962.27,352.67,2009.95,1737.61,1173.02,1901.43,529.13,563.68,709.55,1039.91,1273.77,904.06,1661.73,704.09,866.66,318.71,358.00,301.84,723.23,688.15,1077.94,522.43,987.67,567.52,116.99,282.91,1069.43,1643.34
1948,625.94,1248.33,489.86,1334.86,1506.85,328.20,1743.72,1661.16,1260.82,1071.90,520.47,597.08,820.64,1299.63,1605.89,1028.67,1749.06,623.49,718.82,315.76,309.44,312.79,688.03,702.83,1210.01,546.14,1000.44,553.50,93.01,302.63,1242.62,1694.68
1949,641.65,1354.28,720.95,1163.94,1855.17,358.25,1710.85,1686.85,1237.53,1218.82,714.21,513.02,871.93,1161.77,1511.35,1133.53,1858.11,621.54,876.02,328.76,389.69,312.97,813.05,729.74,1288.29,648.06,997.06,785.73,120.78,290.95,1101.93,1987.37
1950,599.74,1212.24,616.97,1276.69,1976.57,287.88,1919.06,1611.35,1259.79,1987.84,619.35,447.79,785.40,1183.67,1365.43,1128.28,1679.23,586.60,768.84,268.12,284.75,303.75,624.69,752.43,1287.48,488.47,832.99,693.82,103.72,285.40,1101.35,1818.13
1951,614.06,1211.33,375.45,1120.96,1694.08,310.84,1978.64,1696.60,1161.13,2010.53,457.94,643.74,759.55,1143.37,1445.64,1039.54,1730.12,687.88,815.19,289.51,307.87,309.13,660.66,728.00,1234.24,543.18,889.91,441.19,109.63,299.34,1105.18,1620.69
1952,628.88,1211.74,433.25,1393.78,1878.66,317.31,1965.06,1668.44,1279.34,1701.15,464.57,539.04,807.26,1306.52,1604.64,1029.03,1798.08,542.14,536.81,294.13,305.81,309.49,754.77,646.54,1237.83,532.42,969.02,481.72,115.51,306.79,1189.95,1827.36
1953,613.37,1065.56,563.86,1068.37,1854.99,282.25,2064.29,1607.88,1126.62,2244.18,607.66,565.96,670.57,1092.86,1663.83,892.70,2000.04,700.46,933.33,310.86,300.86,291.07,626.85,754.22,1126.83,564.23,855.41,670.48,110.28,260.16,1076.83,1648.68
1954,678.82,1706.47,721.66,1470.08,1660.74,319.24,1581.50,1480.38,1520.37,1667.42,732.53,479.64,1051.64,1673.66,1723.92,1263.86,2080.11,715.88,866.44,338.28,307.44,312.89,761.22,733.40,1481.24,691.42,1063.18,837.75,131.31,310.60,1145.42,1994.98
1955,582.81,1073.37,615.24,1104.87,1505.03,306.42,1730.91,1408.13,1145.21,1465.40,591.88,634.93,736.34,1036.75,1397.17,861.10,1639.81,606.50,672.30,306.97,323.54,302.01,611.80,627.78,1035.12,514.27,880.92,662.13,96.94,288.14,1192.04,1443.54
1956,611.12,1415.71,681.01,1266.51,1668.44,266.51,1409.27,1370.93,1114.07,1625.25,714.76,632.31,957.18,1241.82,1346.35,1295.98,1592.86,786.18,842.58,333.27,317.57,229.63,764.96,809.26,1326.69,744.52,943.23,767.08,103.07,268.86,1101.95,1686.56
1957,595.09,1219.93,474.43,1141.18,1540.62,247.74,2069.39,1527.26,1233.35,1672.07,467.55,633.58,733.49,1102.03,1477.68,1085.73,1706.83,728.46,748.97,307.13,228.93,283.18,560.00,643.02,1282.53,463.02,869.46,419.98,96.43,263.66,1152.43,1579.52
1958,587.93,1080.36,516.46,1134.39,1575.25,337.01,1487.24,1307.12,1076.51,1701.72,555.58,518.90,912.91,1231.03,1412.52,1016.31,1480.53,494.46,545.92,345.95,342.75,312.18,842.84,702.20,1113.62,699.01,881.98,485.82,148.80,254.06,1038.06,1577.69
1959,644.81,1176.58,725.79,1018.93,1967.01,304.75,2181.60,1818.94,1210.88,1497.74,691.62,668.57,663.44,1121.29,1487.25,1025.46,1738.87,690.74,888.29,391.78,359.70,286.50,616.02,712.19,1266.89,653.02,846.08,723.81,131.26,261.56,1246.16,1768.08
1960,589.04,1225.73,437.58,1086.10,1598.77,276.50,1829.50,1396.43,1041.01,1956.09,457.28,673.96,739.72,1152.92,1312.47,1170.44,1541.36,802.18,815.79,319.53,315.35,276.31,623.65,739.72,1225.62,480.67,874.97,480.38,119.50,273.26,977.24,1611.77
1961,640.58,1050.22,524.57,1077.60,2021.14,344.56,2217.62,1771.55,1295.51,1577.40,601.11,560.07,729.80,1062.34,1660.62,1002.10,1899.10,641.22,681.44,331.87,441.54,300.88,779.89,809.36,1197.34,672.85,914.79,628.21,97.98,270.05,1256.33,1725.70
1962,595.15,1227.63,426.95,1204.64,1779.66,255.19,1652.09,1366.26,1107.14,1474.96,498.60,594.05,775.62,1197.59,1555.83,1210.04,1778.02,627.37,766.58,279.58,267.64,267.17,618.72,847.12,1194.32,530.10,876.33,544.74,97.87,324.21,1063.14,1725.10
1963,565.42,1191.85,481.71,1326.30,1313.09,283.94,1159.16,1194.19,1135.64,1784.08,542.47,643.88,913.26,1164.36,1204.68,1066.57,1166.71,655.72,714.92,294.63,250.88,313.80,725.64,792.85,1096.18,604.67,892.75,533.10,92.17,308.29,1086.94,1303.22
1964,637.45,1185.82,703.52,1308.53,1549.93,383.64,1814.79,1405.66,1233.78,1987.12,783.87,526.21,1087.30,1352.70,1450.00,1046.08,1489.10,691.57,989.35,324.92,458.01,320.21,923.46,1141.96,971.56,824.44,901.67,903.02,116.70,267.96,1132.44,1343.67
1965,576.80,1144.40,361.65,1316.79,1580.41,235.86,1872.81,1628.03,1335.13,1675.63,372.02,546.30,686.90,1106.62,1429.67,1109.35,1576.18,585.25,534.13,224.73,220.64,264.01,577.17,639.99,1084.63,327.67,960.09,378.32,96.50,284.48,1257.22,1519.63
1966,560.25,898.71,528.57,955.64,1515.04,297.29,1741.52,1427.40,1003.51,1384.33,526.38,565.26,537.11,827.88,1245.88,776.36,1488.01,680.84,755.36,278.93,274.42,275.61,606.13,565.61,1103.32,589.63,882.78,606.36,130.82,272.80,1252.66,1427.21
1967,593.67,1039.12,574.18,1367.38,1280.24,381.92,1534.05,1575.99,1371.45,1592.99,589.26,491.58,901.82,1293.31,1490.64,835.77,1554.69,538.89,688.48,315.07,406.76,371.48,791.19,667.80,773.15,713.80,879.69,603.86,101.87,239.97,1117.37,1158.87
1968,583.11,976.78,392.62,1346.13,1678.89,307.60,1736.22,1731.85,1341.87,1261.15,417.42,526.39,761.72,1097.24,1454.79,802.43,1591.18,576.03,571.63,266.21,371.00,265.20,742.14,494.76,887.05,517.03,946.18,356.43,93.28,269.56,1290.28,1322.92
1969,601.91,1353.70,653.48,1210.02,1645.42,265.19,1681.64,1466.16,1227.64,1095.61,648.24,572.93,769.87,1335.55,1556.66,1058.99,1771.37,631.77,818.53,338.86,250.24,276.88,601.07,684.11,1036.56,597.53,818.88,769.72,129.35,271.76,993.98,1587.21
1970,628.07,1298.73,493.77,1239.74,1780.43,310.27,1946.17,1762.95,1264.55,1836.04,500.63,456.58,750.75,1280.08,1753.97,1145.02,2012.23,536.06,685.15,311.80,335.09,302.52,672.41,793.95,1132.59,498.57,849.29,531.50,112.99,282.12,1240.07,1666.15
1971,576.12,1117.18,467.34,1147.84,1212.90,288.02,1533.45,1554.17,1190.63,1521.59,545.19,573.99,860.80,1126.33,1217.60,987.08,1233.23,676.11,743.38,277.55,253.07,327.74,648.41,845.78,902.20,618.54,801.21,594.69,122.84,287.50,1239.97,1201.37
1972,574.20,1280.88,367.41,1162.39,1744.20,256.17,1993.39,1519.68,1199.07,2098.66,387.83,601.07,726.61,1104.47,1453.08,1103.31,1679.28,607.61,601.31,253.44,239.55,280.50,562.53,641.02,1089.70,387.45,743.29,400.16,131.62,241.09,1064.39,1567.68
1973,661.58,1255.74,656.03,1346.42,1992.24,331.11,2249.60,1755.99,1282.13,2114.00,676.10,524.99,829.07,1313.03,1699.10,946.62,2060.41,606.58,804.91,326.00,362.49,272.64,725.90,730.74,1244.66,686.25,950.98,691.91,112.27,277.19,1290.47,1935.25
1974,600.23,1275.83,500.75,1320.53,1561.11,271.66,1760.42,1465.21,1237.54,1839.01,525.82,557.82,773.08,1091.03,1286.41,1209.53,1530.02,609.29,741.14,293.59,251.25,317.80,659.02,847.24,1191.72,457.23,954.43,563.25,112.05,302.18,1159.03,1607.67
1975,629.98,1398.13,388.38,1272.99,2161.22,320.38,2355.99,1574.48,1122.89,1805.28,443.10,473.58,815.47,1290.76,1661.42,1122.73,2146.87,583.70,718.11,289.90,303.89,329.77,749.04,721.67,1306.59,568.10,872.84,459.78,94.20,260.69,1074.45,1904.41
1976,582.02,987.17,529.37,1122.61,1581.87,305.34,1850.33,1565.89,1302.63,1637.76,581.24,458.47,684.99,962.90,1416.87,904.74,1635.00,537.04,659.33,308.02,326.88,304.74,641.10,674.20,1221.03,622.15,837.52,594.38,111.43,264.80,1185.68,1520.94
1977,599.71,1352.40,599.41,1252.82,1553.77,297.54,1459.22,1467.68,1372.47,1186.19,658.89,507.19,786.87,1278.13,1528.93,1022.62,1756.19,574.80,730.77,334.44,355.93,293.30,608.03,640.88,1451.78,624.02,835.70,823.86,97.01,302.05,1096.18,1718.60
1978,555.70,696.99,570.38,1032.96,1597.04,333.18,1911.32,1593.21,1181.53,2137.56,561.34,487.58,561.98,902.30,1241.20,597.03,1324.34,499.41,606.69,302.74,381.86,275.00,655.36,661.80,743.43,576.89,845.49,598.04,97.18,287.62,1158.05,1220.07
1979,582.97,1131.83,579.86,1228.38,1502.57,334.46,1781.57,1548.97,1195.46,1339.69,574.10,448.39,884.92,1185.96,1294.20,988.74,1414.63,556.20,701.65,334.00,320.83,302.00,640.10,703.57,951.47,519.35,868.27,602.72,122.00,279.85,1093.51,1224.61
1980,603.99,1353.66,392.33,1410.92,1674.74,274.27,1727.43,1469.93,1236.51,1943.90,437.28,540.60,843.82,1475.48,1632.23,1051.85,1852.89,581.26,560.28,257.92,243.51,292.68,691.01,666.09,1250.54,495.66,921.71,458.06,99.67,318.93,1060.57,1569.89
1981,604.74,1151.40,397.76,1095.70,1619.55,337.91,1985.16,1697.77,1023.20,1820.71,434.45,642.60,659.21,1019.41,1458.22,906.14,1718.38,606.60,598.24,306.68,294.79,344.95,755.80,459.36,1165.23,501.50,918.61,464.23,139.89,274.64,1129.11,1576.09
1982,597.35,1173.56,466.92,1408.51,1646.17,261.98,1972.09,1632.28,1281.65,1858.40,495.12,502.52,880.51,1313.21,1626.39,971.18,1738.00,493.46,566.98,263.56,192.56,324.24,658.01,637.35,1112.11,555.29,862.89,478.73,113.63,267.01,1077.49,1489.70
1983,655.79,1424.27,452.02,1461.95,1913.85,341.62,2376.27,1684.72,1318.28,1638.35,472.59,589.46,926.61,1545.50,1534.53,1011.72,1995.85,653.60,659.39,309.08,342.95,333.51,881.21,545.86,1249.50,570.02,907.62,463.30,109.66,255.58,1245.43,1810.41
1984,594.77,1244.72,401.05,1236.22,1639.92,327.52,1679.66,1313.55,1149.12,1417.31,464.91,615.39,931.07,1169.78,1349.17,1033.39,1675.28,616.70,690.42,332.59,331.99,264.40,753.65,741.65,1156.50,517.68,907.50,541.92,121.08,260.22,1104.19,1548.11
1985,605.66,1160.54,568.56,1166.98,1641.68,307.71,1891.29,1495.33,1115.15,1689.89,586.86,592.67,751.05,1076.62,1235.81,1110.48,1520.76,684.15,892.30,319.77,350.52,328.51,692.06,761.07,1322.18,606.06,926.74,669.53,86.08,310.37,1196.21,1462.51
1986,546.54,1034.32,516.98,1115.29,1462.59,250.46,1714.93,1470.93,1085.28,1653.63,487.58,484.24,560.28,1035.09,1225.40,920.57,1386.00,755.65,803.30,278.88,225.54,289.06,512.97,478.88,1077.12,385.40,809.13,561.67,107.13,259.99,1208.48,1288.12
1987,611.44,1374.95,550.81,1205.63,1663.37,264.63,1896.72,1504.44,1080.50,1263.47,558.06,622.85,831.10,1299.73,1428.51,1182.38,1658.60,674.55,748.56,289.80,243.98,307.44,666.20,720.77,1311.90,520.89,865.27,643.00,157.23,290.44,1021.12,1724.83
1988,578.28,952.03,521.50,1072.77,1673.51,321.94,1685.65,1396.26,1086.63,1712.31,535.57,570.20,633.12,1037.87,1332.56,756.21,1597.42,584.09,584.13,326.01,303.79,319.63,708.29,488.19,938.35,630.80,865.77,611.82,146.85,301.12,1017.25,1460.26
1989,590.86,1380.14,371.98,1351.38,1583.45,304.23,1585.27,1150.06,998.21,1757.22,416.83,508.08,881.69,1473.26,1480.42,1080.55,1713.70,573.93,553.35,278.10,306.96,398.65,728.48,495.64,1416.25,543.17,916.62,381.59,119.44,288.39,999.59,1892.22
1990,640.11,1248.77,602.06,1094.20,1864.77,320.58,1711.17,1551.68,1150.25,1956.79,655.16,602.16,831.84,1174.87,1500.02,1201.15,1709.95,694.32,776.97,369.21,353.98,272.84,713.06,954.80,1285.20,619.25,922.71,695.48,126.64,314.29,1209.22,1756.95
1991,587.10,1533.41,557.81,1194.59,1257.42,238.81,1358.04,1337.75,1180.34,1376.41,576.79,630.15,809.90,1245.85,1391.32,1334.08,1450.44,633.30,725.90,321.73,246.28,290.70,587.20,661.53,1360.15,493.67,854.20,635.77,111.67,299.28,1221.97,1408.35
1992,580.49,1023.30,471.96,1100.39,1979.88,317.85,2112.08,1406.12,1070.63,1634.11,481.72,520.47,643.61,1006.55,1404.11,870.97,1815.28,577.03,576.49,306.74,333.93,303.73,678.85,530.16,1135.98,530.51,832.53,463.36,137.77,245.91,977.30,1774.07
1993,635.62,1353.20,400.56,1336.48,1585.21,313.09,2054.31,1704.66,1323.11,1604.64,472.79,586.05,753.83,1329.69,1635.81,1140.84,1840.49,562.10,631.77,325.15,269.80,313.94,641.33,716.74,1439.66,477.67,948.29,458.58,150.11,290.25,1099.54,1702.32
1994,621.75,995.17,583.00,1100.10,1779.08,278.44,2087.61,2013.61,1290.56,2013.02,595.70,641.80,741.53,1095.16,1677.10,801.46,1903.49,697.26,840.64,327.44,305.79,271.88,623.43,710.22,1046.09,565.48,776.26,679.61,114.72,236.46,1169.61,1562.92
1995,596.25,1078.68,609.35,1165.37,1594.01,278.13,1818.66,1477.25,1151.92,1952.17,626.39,510.33,697.30,1155.48,1482.42,857.48,1767.26,658.93,832.89,304.09,307.61,288.90,559.05,718.65,1073.64,556.44,869.02,673.81,108.39,292.31,1197.75,1593.91
1996,607.64,1316.86,540.43,1210.74,1504.05,294.79,1745.79,1558.72,1221.24,1736.79,598.53,527.75,914.99,1335.41,1434.17,1070.92,1520.88,571.88,743.59,322.78,326.82,313.84,694.23,696.88,1072.56,610.40,820.77,592.29,134.74,291.05,1150.70,1409.89
1997,593.57,1040.00,379.19,998.93,2059.57,239.07,2356.44,1842.30,1291.42,2035.41,399.35,548.83,581.01,1013.26,1628.24,869.60,1971.41,521.14,583.53,269.06,227.29,289.18,464.10,542.34,1158.41,362.63,778.29,412.15,92.78,283.84,1231.13,1648.17
1998,669.88,1418.80,579.61,1378.72,1866.24,321.39,1873.93,1553.77,1188.58,1564.78,584.17,612.05,955.76,1365.22,1594.57,1172.17,1973.22,684.92,828.32,395.50,334.57,343.14,703.20,793.86,1199.53,532.90,1006.77,632.67,149.94,326.71,1130.81,1689.04
1999,595.39,1196.58,357.99,1222.42,1655.54,289.93,1616.17,1572.44,1272.36,1883.33,402.64,466.65,613.76,1164.36,1594.12,955.87,1842.71,530.51,540.90,260.31,279.48,325.46,550.90,527.31,1227.36,392.71,927.61,379.13,128.38,320.40,1295.08,1681.55
2000,599.93,1141.51,414.84,1249.28,1807.40,277.19,1822.99,1376.63,1274.03,2034.85,463.81,524.57,959.55,1260.98,1489.50,1063.22,1678.67,564.40,507.04,247.40,242.51,301.87,653.66,676.07,1285.27,486.74,893.88,438.55,117.61,331.49,1189.08,1664.36
2001,576.02,955.59,407.71,950.81,1824.50,273.69,2171.57,1718.48,1111.71,2067.52,405.67,411.19,548.77,900.59,1372.90,894.26,1673.13,509.36,589.69,244.86,322.78,289.19,586.50,626.75,1208.04,423.90,852.36,428.72,115.15,304.32,1321.97,1581.11
2002,632.54,1317.23,374.73,1243.14,1857.58,286.76,1950.64,1825.17,1294.29,1980.22,403.83,542.43,742.30,1395.12,1885.59,971.04,2056.11,565.93,580.29,272.32,337.52,330.27,619.85,441.84,1384.68,494.65,813.93,367.28,139.43,303.25,1214.79,1858.55
2003,598.55,1499.93,463.61,1234.91,1135.96,351.86,1445.44,1265.55,1025.75,1380.57,559.23,570.27,1092.86,1321.32,1256.32,1205.32,1351.05,568.43,637.26,337.13,364.38,322.49,873.23,909.13,867.44,700.86,894.90,517.74,156.42,313.83,974.30,1165.04
2004,569.61,1057.06,500.06,1263.33,1342.17,273.74,1436.44,1317.74,1140.72,1189.56,546.04,490.64,790.56,1172.08,1441.09,836.00,1441.52,556.57,695.52,271.27,264.19,323.77,636.43,759.55,992.68,536.82,905.38,553.82,123.58,316.06,1139.39,1372.12
2005,598.08,1236.44,463.26,1165.05,1794.34,298.12,1816.95,1440.51,1024.87,1631.72,487.10,515.62,912.64,1173.34,1358.88,1066.36,1693.27,701.17,779.94,249.98,231.67,363.93,639.56,760.94,1023.71,449.98,888.72,540.43,143.31,295.33,1073.71,1562.18
2006,572.43,1135.79,388.64,977.46,1976.01,275.07,2076.18,1526.98,1140.44,1503.93,420.64,546.40,746.19,1017.08,1474.04,1008.86,1756.64,557.08,620.98,264.32,269.47,298.61,594.02,575.69,1048.11,483.94,744.49,420.95,106.66,266.65,1078.11,1509.44
2007,578.02,1210.02,443.84,1298.69,1490.58,335.81,1548.62,1370.96,1174.32,1485.66,492.72,451.50,866.61,1219.41,1230.34,1123.08,1365.01,545.13,664.33,239.14,302.96,351.94,709.01,841.67,1117.73,586.68,871.54,516.18,125.61,283.70,1199.75,1478.71
2008,613.40,1157.38,526.87,1301.12,1578.19,274.42,1871.37,1789.99,1323.76,1991.11,537.68,496.78,808.42,1247.51,1415.07,1010.76,1541.15,587.54,644.14,306.13,266.50,343.98,654.82,759.66,1105.69,523.33,902.97,554.90,104.44,318.75,1228.03,1432.77
2009,557.75,1209.49,404.22,1074.93,1488.29,279.78,1612.17,1306.30,986.40,2141.73,460.19,591.65,776.84,1091.80,1269.66,1094.16,1444.19,563.71,585.20,265.23,260.32,379.08,672.99,696.85,1290.15,552.96,825.16,471.50,106.00,253.60,954.30,1557.90
2010,640.06,1340.34,485.34,1197.45,2073.90,308.60,1942.74,1462.21,1153.26,1632.90,540.27,555.79,790.52,1282.67,1610.11,1026.12,2157.06,736.15,939.54,289.00,299.20,357.99,702.62,681.59,1214.43,525.04,891.92,525.06,140.68,293.54,1077.26,2029.75
2011,531.01,1025.57,473.12,1087.81,1264.72,317.87,1462.11,1228.04,856.07,2054.00,511.90,468.60,703.19,960.57,1039.38,998.63,1243.00,473.49,612.02,264.01,308.76,339.24,784.67,724.81,1028.92,579.03,789.27,542.99,126.52,305.36,928.29,1331.18
2012,644.75,1173.34,517.68,1168.72,2068.41,328.41,1888.61,1597.28,1138.59,2202.36,578.36,649.93,622.77,1105.51,1640.43,963.93,2180.95,757.99,884.65,372.03,339.52,387.40,625.78,659.30,1312.97,553.15,906.49,693.04,124.12,275.54,989.95,2040.26
2013,613.54,1049.56,518.32,1142.81,1575.00,323.44,2132.95,1623.09,1036.61,2050.17,546.89,693.83,665.49,1095.05,1321.47,875.46,1473.27,751.51,786.64,354.48,308.88,300.90,698.50,646.62,1022.48,598.02,890.19,557.97,137.54,305.57,1072.13,1466.79
2014,614.42,1244.30,441.63,1375.69,1804.36,326.04,1889.75,1618.23,1490.88,1785.99,469.48,510.19,724.24,1178.10,1524.81,1065.75,1741.01,499.18,470.27,297.62,321.20,368.32,692.06,603.11,1270.89,554.22,953.97,473.10,109.03,283.87,1097.46,1749.21
2015,632.56,1505.55,442.92,1428.33,1943.24,274.60,1841.62,1671.58,1466.01,1751.69,501.97,540.07,857.29,1322.73,1587.18,1155.62,1976.48,589.17,622.33,290.02,272.87,295.43,621.21,647.29,1327.21,502.60,907.11,512.65,135.40,261.30,1172.09,1940.56
2016,673.26,1459.75,680.70,1282.31,2076.54,292.76,2319.57,1664.19,1208.35,1915.26,690.42,606.24,921.38,1342.84,1684.44,1183.29,2092.15,679.74,739.94,337.47,325.55,309.21,599.47,732.07,1287.65,660.24,880.93,765.14,159.86,295.03,1227.56,1757.40
2017,625.07,1221.61,470.57,1310.86,1642.52,335.89,1900.03,1716.06,1291.81,2262.43,494.00,533.00,745.82,1207.32,1548.45,1096.37,1693.92,548.79,580.80,247.29,347.86,370.42,755.40,656.12,1274.10,569.82,949.77,535.43,130.73,312.93,1233.35,1551.60
2018,638.14,1243.31,499.31,1217.60,1665.78,352.83,1922.11,1602.66,1265.58,1512.67,539.62,639.72,780.37,1108.03,1445.66,1126.89,1679.27,691.36,619.22,356.37,376.22,384.02,632.32,782.00,1218.17,508.98,939.07,616.04,130.89,307.13,1250.10,1518.66
2019,612.37,1088.95,422.92,1230.79,1746.10,370.29,2072.73,1550.61,1208.03,1742.97,485.42,699.68,708.36,975.08,1339.68,935.40,1731.29,671.65,652.69,318.77,282.18,378.24,727.72,614.06,1302.71,545.97,915.90,504.91,122.70,302.01,891.30,1769.04
2020,645.79,1516.16,506.61,1358.88,1591.48,301.75,1738.40,1442.64,1342.00,1708.57,573.46,658.34,959.63,1515.13,1656.19,1339.51,1783.25,642.66,796.48,350.49,316.39,321.87,721.11,844.26,1364.01,641.36,953.29,557.09,112.15,282.47,1050.89,1670.03
2021,651.75,1442.77,610.13,1374.48,1661.04,348.87,1625.32,1442.16,1358.30,1831.14,642.86,577.11,917.77,1177.41,1470.76,1306.89,1729.94,727.69,803.56,389.29,307.61,375.78,895.24,958.57,1421.88,588.04,980.32,733.97,108.70,281.58,1091.34,1904.73
